GEOID,concept,total_pop,label,county,estimate,pct
37063,All Population,219308,10th grade,"Durham County, North Carolina",2210,0.010077151768289347
37063,All Population,219308,11th grade,"Durham County, North Carolina",3922,0.017883524540828425
37063,All Population,219308,"12th grade, no diploma","Durham County, North Carolina",1819,0.00829427107082277
37063,All Population,219308,5th and 6th grade,"Durham County, North Carolina",3307,0.015079249274992249
37063,All Population,219308,7th and 8th grade,"Durham County, North Carolina",2950,0.013451401681653201
37063,All Population,219308,9th grade,"Durham County, North Carolina",2546,0.011609243620843744
37063,All Population,219308,Associate's degree,"Durham County, North Carolina",16348,0.07454356430225983
37063,All Population,219308,Bachelor's degree,"Durham County, North Carolina",56080,0.25571342586681745
37063,All Population,219308,Doctorate degree,"Durham County, North Carolina",10522,0.047978185930289824
37063,All Population,219308,High school graduate (includes equivalency),"Durham County, North Carolina",42133,0.19211793459426924
37063,All Population,219308,Master's degree,"Durham County, North Carolina",28623,0.13051507468947782
37063,All Population,219308,No schooling completed,"Durham County, North Carolina",3018,0.013761467889908258
37063,All Population,219308,Nursery to 4th grade,"Durham County, North Carolina",2388,0.01088879566636876
37063,All Population,219308,Professional school degree,"Durham County, North Carolina",9368,0.0427161799843143
37063,All Population,219308,"Some college, 1 or more years, no degree","Durham County, North Carolina",25584,0.1166578510587849
37063,All Population,219308,"Some college, less than 1 year","Durham County, North Carolina",8490,0.038712678060079886
37063,All Population,219308,Total Population,"Durham County, North Carolina",219308,1
37067,All Population,254643,10th grade,"Forsyth County, North Carolina",5205,0.02044038123961782
37067,All Population,254643,11th grade,"Forsyth County, North Carolina",5822,0.02286338128281555
37067,All Population,254643,"12th grade, no diploma","Forsyth County, North Carolina",3489,0.013701535090302894
37067,All Population,254643,5th and 6th grade,"Forsyth County, North Carolina",3226,0.012668716595390409
37067,All Population,254643,7th and 8th grade,"Forsyth County, North Carolina",4992,0.019603916070734324
37067,All Population,254643,9th grade,"Forsyth County, North Carolina",3008,0.011812616093904015
37067,All Population,254643,Associate's degree,"Forsyth County, North Carolina",21479,0.08434946179553335
37067,All Population,254643,Bachelor's degree,"Forsyth County, North Carolina",52499,0.2061670652639185
37067,All Population,254643,Doctorate degree,"Forsyth County, North Carolina",4658,0.01829227585286067
37067,All Population,254643,High school graduate (includes equivalency),"Forsyth County, North Carolina",67396,0.2646685752209957
37067,All Population,254643,Master's degree,"Forsyth County, North Carolina",19496,0.07656208888522363
37067,All Population,254643,No schooling completed,"Forsyth County, North Carolina",2946,0.011569137969628067
37067,All Population,254643,Nursery to 4th grade,"Forsyth County, North Carolina",1101,0.004323700239158351
37067,All Population,254643,Professional school degree,"Forsyth County, North Carolina",7465,0.029315551576128147
37067,All Population,254643,"Some college, 1 or more years, no degree","Forsyth County, North Carolina",38837,0.15251548245975738
37067,All Population,254643,"Some college, less than 1 year","Forsyth County, North Carolina",13024,0.051146114364031214
37067,All Population,254643,Total Population,"Forsyth County, North Carolina",254643,1
37081,All Population,356797,10th grade,"Guilford County, North Carolina",5296,0.014843174129827325
37081,All Population,356797,11th grade,"Guilford County, North Carolina",5405,0.015148669972000886
37081,All Population,356797,"12th grade, no diploma","Guilford County, North Carolina",4924,0.013800564466629485
37081,All Population,356797,5th and 6th grade,"Guilford County, North Carolina",4000,0.01121085659352517
37081,All Population,356797,7th and 8th grade,"Guilford County, North Carolina",3759,0.010535402483765279
37081,All Population,356797,9th grade,"Guilford County, North Carolina",7530,0.021104437537311133
37081,All Population,356797,Associate's degree,"Guilford County, North Carolina",33197,0.09304170158381377
37081,All Population,356797,Bachelor's degree,"Guilford County, North Carolina",84371,0.23646779541307802
37081,All Population,356797,Doctorate degree,"Guilford County, North Carolina",4889,0.013702469471436138
37081,All Population,356797,High school graduate (includes equivalency),"Guilford County, North Carolina",80307,0.22507756511405647
37081,All Population,356797,Master's degree,"Guilford County, North Carolina",34560,0.09686180096805747
37081,All Population,356797,No schooling completed,"Guilford County, North Carolina",4976,0.013946305602345312
37081,All Population,356797,Nursery to 4th grade,"Guilford County, North Carolina",1873,0.00524948359991816
37081,All Population,356797,Professional school degree,"Guilford County, North Carolina",7042,0.01973671303290106
37081,All Population,356797,"Some college, 1 or more years, no degree","Guilford County, North Carolina",55138,0.1545360527134477
37081,All Population,356797,"Some college, less than 1 year","Guilford County, North Carolina",19530,0.054737007317886645
37081,All Population,356797,Total Population,"Guilford County, North Carolina",356797,1
37119,All Population,736912,10th grade,"Mecklenburg County, North Carolina",9729,0.013202390516099616
37119,All Population,736912,11th grade,"Mecklenburg County, North Carolina",10243,0.013899895781314458
37119,All Population,736912,"12th grade, no diploma","Mecklenburg County, North Carolina",8628,0.011708317953839807
37119,All Population,736912,5th and 6th grade,"Mecklenburg County, North Carolina",13039,0.017694107301821655
37119,All Population,736912,7th and 8th grade,"Mecklenburg County, North Carolina",6826,0.009262978483183882
37119,All Population,736912,9th grade,"Mecklenburg County, North Carolina",8359,0.011343281151616475
37119,All Population,736912,Associate's degree,"Mecklenburg County, North Carolina",58818,0.07981685737238639
37119,All Population,736912,Bachelor's degree,"Mecklenburg County, North Carolina",221357,0.30038457780576244
37119,All Population,736912,Doctorate degree,"Mecklenburg County, North Carolina",8560,0.01161604099268298
37119,All Population,736912,High school graduate (includes equivalency),"Mecklenburg County, North Carolina",122129,0.1657307792517967
37119,All Population,736912,Master's degree,"Mecklenburg County, North Carolina",85951,0.11663672188809518
37119,All Population,736912,No schooling completed,"Mecklenburg County, North Carolina",11159,0.01514292072866231
37119,All Population,736912,Nursery to 4th grade,"Mecklenburg County, North Carolina",4751,0.006447174153765986
37119,All Population,736912,Professional school degree,"Mecklenburg County, North Carolina",19514,0.026480773823740148
37119,All Population,736912,"Some college, 1 or more years, no degree","Mecklenburg County, North Carolina",112158,0.15219999131510953
37119,All Population,736912,"Some college, less than 1 year","Mecklenburg County, North Carolina",35691,0.048433191480122456
37119,All Population,736912,Total Population,"Mecklenburg County, North Carolina",736912,1
37129,All Population,159572,10th grade,"New Hanover County, North Carolina",1776,0.011129772140475773
37129,All Population,159572,11th grade,"New Hanover County, North Carolina",879,0.005508485197904394
37129,All Population,159572,"12th grade, no diploma","New Hanover County, North Carolina",3205,0.020084977314315796
37129,All Population,159572,5th and 6th grade,"New Hanover County, North Carolina",374,0.002343769583636227
37129,All Population,159572,7th and 8th grade,"New Hanover County, North Carolina",782,0.004900609129421201
37129,All Population,159572,9th grade,"New Hanover County, North Carolina",1494,0.009362544807359686
37129,All Population,159572,Associate's degree,"New Hanover County, North Carolina",15431,0.0967024289975685
37129,All Population,159572,Bachelor's degree,"New Hanover County, North Carolina",45659,0.2861341588749906
37129,All Population,159572,Doctorate degree,"New Hanover County, North Carolina",2278,0.014275687463966109
37129,All Population,159572,High school graduate (includes equivalency),"New Hanover County, North Carolina",32272,0.20224099466071743
37129,All Population,159572,Master's degree,"New Hanover County, North Carolina",14958,0.09373824981826386
37129,All Population,159572,No schooling completed,"New Hanover County, North Carolina",924,0.005790489559571854
37129,All Population,159572,Nursery to 4th grade,"New Hanover County, North Carolina",254,0.0015917579525229991
37129,All Population,159572,Professional school degree,"New Hanover County, North Carolina",3260,0.020429649311909357
37129,All Population,159572,"Some college, 1 or more years, no degree","New Hanover County, North Carolina",25161,0.15767803875366607
37129,All Population,159572,"Some college, less than 1 year","New Hanover County, North Carolina",10865,0.06808838643371018
37129,All Population,159572,Total Population,"New Hanover County, North Carolina",159572,1
37183,All Population,731228,10th grade,"Wake County, North Carolina",7705,0.01053706914943082
37183,All Population,731228,11th grade,"Wake County, North Carolina",7003,0.009577040266510583
37183,All Population,731228,"12th grade, no diploma","Wake County, North Carolina",5739,0.00784844125224964
37183,All Population,731228,5th and 6th grade,"Wake County, North Carolina",6089,0.008327088131198477
37183,All Population,731228,7th and 8th grade,"Wake County, North Carolina",6146,0.008405039194341574
37183,All Population,731228,9th grade,"Wake County, North Carolina",5099,0.00697320124502891
37183,All Population,731228,Associate's degree,"Wake County, North Carolina",58189,0.07957709496901104
37183,All Population,731228,Bachelor's degree,"Wake County, North Carolina",249424,0.341102911814099
37183,All Population,731228,Doctorate degree,"Wake County, North Carolina",20793,0.02843572729709475
37183,All Population,731228,High school graduate (includes equivalency),"Wake County, North Carolina",106223,0.14526659263594938
37183,All Population,731228,Master's degree,"Wake County, North Carolina",106363,0.14545805138752893
37183,All Population,731228,No schooling completed,"Wake County, North Carolina",5558,0.007600912437707528
37183,All Population,731228,Nursery to 4th grade,"Wake County, North Carolina",2842,0.0038866126570645545
37183,All Population,731228,Professional school degree,"Wake County, North Carolina",21815,0.029833376183625353
37183,All Population,731228,"Some college, 1 or more years, no degree","Wake County, North Carolina",88118,0.1205068733691817
37183,All Population,731228,"Some college, less than 1 year","Wake County, North Carolina",34122,0.046663968009977734
37183,All Population,731228,Total Population,"Wake County, North Carolina",731228,1
45045,All Population,350656,10th grade,"Greenville County, South Carolina",5775,0.016469132140901625
45045,All Population,350656,11th grade,"Greenville County, South Carolina",7598,0.021667959481657235
45045,All Population,350656,"12th grade, no diploma","Greenville County, South Carolina",4866,0.013876847964957108
45045,All Population,350656,5th and 6th grade,"Greenville County, South Carolina",2797,0.007976478371965688
45045,All Population,350656,7th and 8th grade,"Greenville County, South Carolina",4507,0.012853052564336559
45045,All Population,350656,9th grade,"Greenville County, South Carolina",6836,0.019494889578390216
45045,All Population,350656,Associate's degree,"Greenville County, South Carolina",30451,0.08684009399525461
45045,All Population,350656,Bachelor's degree,"Greenville County, South Carolina",81654,0.23286069538236903
45045,All Population,350656,Doctorate degree,"Greenville County, South Carolina",4503,0.012841645373243293
45045,All Population,350656,High school graduate (includes equivalency),"Greenville County, South Carolina",84816,0.2418780799415952
45045,All Population,350656,Master's degree,"Greenville County, South Carolina",35399,0.10095078937762365
45045,All Population,350656,No schooling completed,"Greenville County, South Carolina",5257,0.014991900894323782
45045,All Population,350656,Nursery to 4th grade,"Greenville County, South Carolina",1925,0.005489710713633875
45045,All Population,350656,Professional school degree,"Greenville County, South Carolina",6121,0.017455854170469062
45045,All Population,350656,"Some college, 1 or more years, no degree","Greenville County, South Carolina",47601,0.13574842580762914
45045,All Population,350656,"Some college, less than 1 year","Greenville County, South Carolina",20550,0.058604444241649935
45045,All Population,350656,Total Population,"Greenville County, South Carolina",350656,1
45083,All Population,211962,10th grade,"Spartanburg County, South Carolina",3829,0.01806455874166124
45083,All Population,211962,11th grade,"Spartanburg County, South Carolina",4557,0.02149913663769921
45083,All Population,211962,"12th grade, no diploma","Spartanburg County, South Carolina",4705,0.022197375001179458
45083,All Population,211962,5th and 6th grade,"Spartanburg County, South Carolina",1489,0.007024844075824912
45083,All Population,211962,7th and 8th grade,"Spartanburg County, South Carolina",4689,0.022121889772695105
45083,All Population,211962,9th grade,"Spartanburg County, South Carolina",4038,0.019050584538738077
45083,All Population,211962,Associate's degree,"Spartanburg County, South Carolina",24253,0.11442145290193526
45083,All Population,211962,Bachelor's degree,"Spartanburg County, South Carolina",32766,0.15458431228239025
45083,All Population,211962,Doctorate degree,"Spartanburg County, South Carolina",2382,0.01123786339060775
45083,All Population,211962,High school graduate (includes equivalency),"Spartanburg County, South Carolina",65572,0.3093573376359914
45083,All Population,211962,Master's degree,"Spartanburg County, South Carolina",13864,0.06540795048169011
45083,All Population,211962,No schooling completed,"Spartanburg County, South Carolina",2176,0.010265991073871732
45083,All Population,211962,Nursery to 4th grade,"Spartanburg County, South Carolina",1966,0.009275247450014625
45083,All Population,211962,Professional school degree,"Spartanburg County, South Carolina",2045,0.009647955765656108
45083,All Population,211962,"Some college, 1 or more years, no degree","Spartanburg County, South Carolina",31054,0.14650739283456468
45083,All Population,211962,"Some college, less than 1 year","Spartanburg County, South Carolina",12577,0.059336107415480135
45083,All Population,211962,Total Population,"Spartanburg County, South Carolina",211962,1
47065,All Population,256051,10th grade,"Hamilton County, Tennessee",4381,0.01710987264255949
47065,All Population,256051,11th grade,"Hamilton County, Tennessee",7205,0.028138925448445817
47065,All Population,256051,"12th grade, no diploma","Hamilton County, Tennessee",3810,0.01487984815525032
47065,All Population,256051,5th and 6th grade,"Hamilton County, Tennessee",3174,0.012395967990751842
47065,All Population,256051,7th and 8th grade,"Hamilton County, Tennessee",2435,0.009509824214707226
47065,All Population,256051,9th grade,"Hamilton County, Tennessee",2272,0.008873232285755572
47065,All Population,256051,Associate's degree,"Hamilton County, Tennessee",24619,0.09614881410344032
47065,All Population,256051,Bachelor's degree,"Hamilton County, Tennessee",50319,0.19651944339213673
47065,All Population,256051,Doctorate degree,"Hamilton County, Tennessee",3657,0.014282310945866253
47065,All Population,256051,High school graduate (includes equivalency),"Hamilton County, Tennessee",62509,0.24412714654502424
47065,All Population,256051,Master's degree,"Hamilton County, Tennessee",21370,0.08345993571593159
47065,All Population,256051,No schooling completed,"Hamilton County, Tennessee",2601,0.010158132559529156
47065,All Population,256051,Nursery to 4th grade,"Hamilton County, Tennessee",980,0.0038273625176234423
47065,All Population,256051,Professional school degree,"Hamilton County, Tennessee",4479,0.017492608894321835
47065,All Population,256051,"Some college, 1 or more years, no degree","Hamilton County, Tennessee",44794,0.17494171083104537
47065,All Population,256051,"Some college, less than 1 year","Hamilton County, Tennessee",17446,0.06813486375761078
47065,All Population,256051,Total Population,"Hamilton County, Tennessee",256051,1
37063,American Indian And Alaska Native Alone,NA,"9th to 12th grade, no diploma","Durham County, North Carolina",NA,NA
37063,American Indian And Alaska Native Alone,NA,Associate's degree,"Durham County, North Carolina",NA,NA
37063,American Indian And Alaska Native Alone,NA,Bachelor's degree,"Durham County, North Carolina",NA,NA
37063,American Indian And Alaska Native Alone,NA,GED or alternative credential,"Durham County, North Carolina",NA,NA
37063,American Indian And Alaska Native Alone,NA,Graduate or professional degree,"Durham County, North Carolina",NA,NA
37063,American Indian And Alaska Native Alone,NA,Less than 9th grade,"Durham County, North Carolina",NA,NA
37063,American Indian And Alaska Native Alone,NA,Regular high school diploma,"Durham County, North Carolina",NA,NA
37063,American Indian And Alaska Native Alone,NA,"Some college, no degree","Durham County, North Carolina",NA,NA
37063,American Indian And Alaska Native Alone,NA,Total Population,"Durham County, North Carolina",NA,NA
37067,American Indian And Alaska Native Alone,NA,"9th to 12th grade, no diploma","Forsyth County, North Carolina",NA,NA
37067,American Indian And Alaska Native Alone,NA,Associate's degree,"Forsyth County, North Carolina",NA,NA
37067,American Indian And Alaska Native Alone,NA,Bachelor's degree,"Forsyth County, North Carolina",NA,NA
37067,American Indian And Alaska Native Alone,NA,GED or alternative credential,"Forsyth County, North Carolina",NA,NA
37067,American Indian And Alaska Native Alone,NA,Graduate or professional degree,"Forsyth County, North Carolina",NA,NA
37067,American Indian And Alaska Native Alone,NA,Less than 9th grade,"Forsyth County, North Carolina",NA,NA
37067,American Indian And Alaska Native Alone,NA,Regular high school diploma,"Forsyth County, North Carolina",NA,NA
37067,American Indian And Alaska Native Alone,NA,"Some college, no degree","Forsyth County, North Carolina",NA,NA
37067,American Indian And Alaska Native Alone,NA,Total Population,"Forsyth County, North Carolina",NA,NA
37081,American Indian And Alaska Native Alone,NA,"9th to 12th grade, no diploma","Guilford County, North Carolina",NA,NA
37081,American Indian And Alaska Native Alone,NA,Associate's degree,"Guilford County, North Carolina",NA,NA
37081,American Indian And Alaska Native Alone,NA,Bachelor's degree,"Guilford County, North Carolina",NA,NA
37081,American Indian And Alaska Native Alone,NA,GED or alternative credential,"Guilford County, North Carolina",NA,NA
37081,American Indian And Alaska Native Alone,NA,Graduate or professional degree,"Guilford County, North Carolina",NA,NA
37081,American Indian And Alaska Native Alone,NA,Less than 9th grade,"Guilford County, North Carolina",NA,NA
37081,American Indian And Alaska Native Alone,NA,Regular high school diploma,"Guilford County, North Carolina",NA,NA
37081,American Indian And Alaska Native Alone,NA,"Some college, no degree","Guilford County, North Carolina",NA,NA
37081,American Indian And Alaska Native Alone,NA,Total Population,"Guilford County, North Carolina",NA,NA
37119,American Indian And Alaska Native Alone,NA,"9th to 12th grade, no diploma","Mecklenburg County, North Carolina",NA,NA
37119,American Indian And Alaska Native Alone,NA,Associate's degree,"Mecklenburg County, North Carolina",NA,NA
37119,American Indian And Alaska Native Alone,NA,Bachelor's degree,"Mecklenburg County, North Carolina",NA,NA
37119,American Indian And Alaska Native Alone,NA,GED or alternative credential,"Mecklenburg County, North Carolina",NA,NA
37119,American Indian And Alaska Native Alone,NA,Graduate or professional degree,"Mecklenburg County, North Carolina",NA,NA
37119,American Indian And Alaska Native Alone,NA,Less than 9th grade,"Mecklenburg County, North Carolina",NA,NA
37119,American Indian And Alaska Native Alone,NA,Regular high school diploma,"Mecklenburg County, North Carolina",NA,NA
37119,American Indian And Alaska Native Alone,NA,"Some college, no degree","Mecklenburg County, North Carolina",NA,NA
37119,American Indian And Alaska Native Alone,NA,Total Population,"Mecklenburg County, North Carolina",NA,NA
37129,American Indian And Alaska Native Alone,NA,"9th to 12th grade, no diploma","New Hanover County, North Carolina",NA,NA
37129,American Indian And Alaska Native Alone,NA,Associate's degree,"New Hanover County, North Carolina",NA,NA
37129,American Indian And Alaska Native Alone,NA,Bachelor's degree,"New Hanover County, North Carolina",NA,NA
37129,American Indian And Alaska Native Alone,NA,GED or alternative credential,"New Hanover County, North Carolina",NA,NA
37129,American Indian And Alaska Native Alone,NA,Graduate or professional degree,"New Hanover County, North Carolina",NA,NA
37129,American Indian And Alaska Native Alone,NA,Less than 9th grade,"New Hanover County, North Carolina",NA,NA
37129,American Indian And Alaska Native Alone,NA,Regular high school diploma,"New Hanover County, North Carolina",NA,NA
37129,American Indian And Alaska Native Alone,NA,"Some college, no degree","New Hanover County, North Carolina",NA,NA
37129,American Indian And Alaska Native Alone,NA,Total Population,"New Hanover County, North Carolina",NA,NA
37183,American Indian And Alaska Native Alone,NA,"9th to 12th grade, no diploma","Wake County, North Carolina",NA,NA
37183,American Indian And Alaska Native Alone,NA,Associate's degree,"Wake County, North Carolina",NA,NA
37183,American Indian And Alaska Native Alone,NA,Bachelor's degree,"Wake County, North Carolina",NA,NA
37183,American Indian And Alaska Native Alone,NA,GED or alternative credential,"Wake County, North Carolina",NA,NA
37183,American Indian And Alaska Native Alone,NA,Graduate or professional degree,"Wake County, North Carolina",NA,NA
37183,American Indian And Alaska Native Alone,NA,Less than 9th grade,"Wake County, North Carolina",NA,NA
37183,American Indian And Alaska Native Alone,NA,Regular high school diploma,"Wake County, North Carolina",NA,NA
37183,American Indian And Alaska Native Alone,NA,"Some college, no degree","Wake County, North Carolina",NA,NA
37183,American Indian And Alaska Native Alone,NA,Total Population,"Wake County, North Carolina",NA,NA
45045,American Indian And Alaska Native Alone,NA,"9th to 12th grade, no diploma","Greenville County, South Carolina",NA,NA
45045,American Indian And Alaska Native Alone,NA,Associate's degree,"Greenville County, South Carolina",NA,NA
45045,American Indian And Alaska Native Alone,NA,Bachelor's degree,"Greenville County, South Carolina",NA,NA
45045,American Indian And Alaska Native Alone,NA,GED or alternative credential,"Greenville County, South Carolina",NA,NA
45045,American Indian And Alaska Native Alone,NA,Graduate or professional degree,"Greenville County, South Carolina",NA,NA
45045,American Indian And Alaska Native Alone,NA,Less than 9th grade,"Greenville County, South Carolina",NA,NA
45045,American Indian And Alaska Native Alone,NA,Regular high school diploma,"Greenville County, South Carolina",NA,NA
45045,American Indian And Alaska Native Alone,NA,"Some college, no degree","Greenville County, South Carolina",NA,NA
45045,American Indian And Alaska Native Alone,NA,Total Population,"Greenville County, South Carolina",NA,NA
45083,American Indian And Alaska Native Alone,NA,"9th to 12th grade, no diploma","Spartanburg County, South Carolina",NA,NA
45083,American Indian And Alaska Native Alone,NA,Associate's degree,"Spartanburg County, South Carolina",NA,NA
45083,American Indian And Alaska Native Alone,NA,Bachelor's degree,"Spartanburg County, South Carolina",NA,NA
45083,American Indian And Alaska Native Alone,NA,GED or alternative credential,"Spartanburg County, South Carolina",NA,NA
45083,American Indian And Alaska Native Alone,NA,Graduate or professional degree,"Spartanburg County, South Carolina",NA,NA
45083,American Indian And Alaska Native Alone,NA,Less than 9th grade,"Spartanburg County, South Carolina",NA,NA
45083,American Indian And Alaska Native Alone,NA,Regular high school diploma,"Spartanburg County, South Carolina",NA,NA
45083,American Indian And Alaska Native Alone,NA,"Some college, no degree","Spartanburg County, South Carolina",NA,NA
45083,American Indian And Alaska Native Alone,NA,Total Population,"Spartanburg County, South Carolina",NA,NA
47065,American Indian And Alaska Native Alone,NA,"9th to 12th grade, no diploma","Hamilton County, Tennessee",NA,NA
47065,American Indian And Alaska Native Alone,NA,Associate's degree,"Hamilton County, Tennessee",NA,NA
47065,American Indian And Alaska Native Alone,NA,Bachelor's degree,"Hamilton County, Tennessee",NA,NA
47065,American Indian And Alaska Native Alone,NA,GED or alternative credential,"Hamilton County, Tennessee",NA,NA
47065,American Indian And Alaska Native Alone,NA,Graduate or professional degree,"Hamilton County, Tennessee",NA,NA
47065,American Indian And Alaska Native Alone,NA,Less than 9th grade,"Hamilton County, Tennessee",NA,NA
47065,American Indian And Alaska Native Alone,NA,Regular high school diploma,"Hamilton County, Tennessee",NA,NA
47065,American Indian And Alaska Native Alone,NA,"Some college, no degree","Hamilton County, Tennessee",NA,NA
47065,American Indian And Alaska Native Alone,NA,Total Population,"Hamilton County, Tennessee",NA,NA
37063,Asian Alone,10793,"9th to 12th grade, no diploma","Durham County, North Carolina",382,0.03539331047901417
37063,Asian Alone,10793,Associate's degree,"Durham County, North Carolina",584,0.054109144816084496
37063,Asian Alone,10793,Bachelor's degree,"Durham County, North Carolina",3647,0.33790419716482906
37063,Asian Alone,10793,GED or alternative credential,"Durham County, North Carolina",0,0
37063,Asian Alone,10793,Graduate or professional degree,"Durham County, North Carolina",4018,0.37227832854628
37063,Asian Alone,10793,Less than 9th grade,"Durham County, North Carolina",665,0.06161400907995923
37063,Asian Alone,10793,Regular high school diploma,"Durham County, North Carolina",546,0.050588344297229686
37063,Asian Alone,10793,"Some college, no degree","Durham County, North Carolina",951,0.08811266561660336
37063,Asian Alone,10793,Total Population,"Durham County, North Carolina",10793,1
37067,Asian Alone,5720,"9th to 12th grade, no diploma","Forsyth County, North Carolina",422,0.07377622377622378
37067,Asian Alone,5720,Associate's degree,"Forsyth County, North Carolina",235,0.04108391608391608
37067,Asian Alone,5720,Bachelor's degree,"Forsyth County, North Carolina",1302,0.2276223776223776
37067,Asian Alone,5720,GED or alternative credential,"Forsyth County, North Carolina",241,0.04213286713286713
37067,Asian Alone,5720,Graduate or professional degree,"Forsyth County, North Carolina",1973,0.3449300699300699
37067,Asian Alone,5720,Less than 9th grade,"Forsyth County, North Carolina",533,0.09318181818181819
37067,Asian Alone,5720,Regular high school diploma,"Forsyth County, North Carolina",599,0.10472027972027972
37067,Asian Alone,5720,"Some college, no degree","Forsyth County, North Carolina",415,0.07255244755244755
37067,Asian Alone,5720,Total Population,"Forsyth County, North Carolina",5720,1
37081,Asian Alone,17748,"9th to 12th grade, no diploma","Guilford County, North Carolina",1242,0.06997971602434078
37081,Asian Alone,17748,Associate's degree,"Guilford County, North Carolina",701,0.039497408158665766
37081,Asian Alone,17748,Bachelor's degree,"Guilford County, North Carolina",4025,0.2267861167455488
37081,Asian Alone,17748,GED or alternative credential,"Guilford County, North Carolina",509,0.028679287807076854
37081,Asian Alone,17748,Graduate or professional degree,"Guilford County, North Carolina",2735,0.1541018706333108
37081,Asian Alone,17748,Less than 9th grade,"Guilford County, North Carolina",2846,0.16035609646157314
37081,Asian Alone,17748,Regular high school diploma,"Guilford County, North Carolina",2377,0.13393058372774397
37081,Asian Alone,17748,"Some college, no degree","Guilford County, North Carolina",3313,0.1866689204417399
37081,Asian Alone,17748,Total Population,"Guilford County, North Carolina",17748,1
37119,Asian Alone,46630,"9th to 12th grade, no diploma","Mecklenburg County, North Carolina",2060,0.04417756808921295
37119,Asian Alone,46630,Associate's degree,"Mecklenburg County, North Carolina",1879,0.04029594681535492
37119,Asian Alone,46630,Bachelor's degree,"Mecklenburg County, North Carolina",14258,0.3057688183572807
37119,Asian Alone,46630,GED or alternative credential,"Mecklenburg County, North Carolina",697,0.0149474587175638
37119,Asian Alone,46630,Graduate or professional degree,"Mecklenburg County, North Carolina",14985,0.32135963971692044
37119,Asian Alone,46630,Less than 9th grade,"Mecklenburg County, North Carolina",6200,0.13296161269568946
37119,Asian Alone,46630,Regular high school diploma,"Mecklenburg County, North Carolina",3155,0.06766030452498392
37119,Asian Alone,46630,"Some college, no degree","Mecklenburg County, North Carolina",3396,0.07282865108299379
37119,Asian Alone,46630,Total Population,"Mecklenburg County, North Carolina",46630,1
37129,Asian Alone,NA,"9th to 12th grade, no diploma","New Hanover County, North Carolina",NA,NA
37129,Asian Alone,NA,Associate's degree,"New Hanover County, North Carolina",NA,NA
37129,Asian Alone,NA,Bachelor's degree,"New Hanover County, North Carolina",NA,NA
37129,Asian Alone,NA,GED or alternative credential,"New Hanover County, North Carolina",NA,NA
37129,Asian Alone,NA,Graduate or professional degree,"New Hanover County, North Carolina",NA,NA
37129,Asian Alone,NA,Less than 9th grade,"New Hanover County, North Carolina",NA,NA
37129,Asian Alone,NA,Regular high school diploma,"New Hanover County, North Carolina",NA,NA
37129,Asian Alone,NA,"Some college, no degree","New Hanover County, North Carolina",NA,NA
37129,Asian Alone,NA,Total Population,"New Hanover County, North Carolina",NA,NA
37183,Asian Alone,52998,"9th to 12th grade, no diploma","Wake County, North Carolina",1410,0.02660477753877505
37183,Asian Alone,52998,Associate's degree,"Wake County, North Carolina",1750,0.033020113966564776
37183,Asian Alone,52998,Bachelor's degree,"Wake County, North Carolina",17986,0.3393712970300766
37183,Asian Alone,52998,GED or alternative credential,"Wake County, North Carolina",243,0.004585078682214423
37183,Asian Alone,52998,Graduate or professional degree,"Wake County, North Carolina",21569,0.40697762179704894
37183,Asian Alone,52998,Less than 9th grade,"Wake County, North Carolina",2751,0.05190761915543983
37183,Asian Alone,52998,Regular high school diploma,"Wake County, North Carolina",4059,0.07658779576587796
37183,Asian Alone,52998,"Some college, no degree","Wake County, North Carolina",3230,0.060945696064002415
37183,Asian Alone,52998,Total Population,"Wake County, North Carolina",52998,1
45045,Asian Alone,8507,"9th to 12th grade, no diploma","Greenville County, South Carolina",797,0.09368755142823557
45045,Asian Alone,8507,Associate's degree,"Greenville County, South Carolina",498,0.058540025861055604
45045,Asian Alone,8507,Bachelor's degree,"Greenville County, South Carolina",2893,0.3400728811566945
45045,Asian Alone,8507,GED or alternative credential,"Greenville County, South Carolina",0,0
45045,Asian Alone,8507,Graduate or professional degree,"Greenville County, South Carolina",2213,0.26013870929822497
45045,Asian Alone,8507,Less than 9th grade,"Greenville County, South Carolina",279,0.0327965205125191
45045,Asian Alone,8507,Regular high school diploma,"Greenville County, South Carolina",882,0.10367932291054426
45045,Asian Alone,8507,"Some college, no degree","Greenville County, South Carolina",945,0.111084988832726
45045,Asian Alone,8507,Total Population,"Greenville County, South Carolina",8507,1
45083,Asian Alone,4415,"9th to 12th grade, no diploma","Spartanburg County, South Carolina",84,0.019026047565118914
45083,Asian Alone,4415,Associate's degree,"Spartanburg County, South Carolina",455,0.10305775764439411
45083,Asian Alone,4415,Bachelor's degree,"Spartanburg County, South Carolina",634,0.14360135900339752
45083,Asian Alone,4415,GED or alternative credential,"Spartanburg County, South Carolina",364,0.08244620611551529
45083,Asian Alone,4415,Graduate or professional degree,"Spartanburg County, South Carolina",368,0.08335220838052095
45083,Asian Alone,4415,Less than 9th grade,"Spartanburg County, South Carolina",320,0.072480181200453
45083,Asian Alone,4415,Regular high school diploma,"Spartanburg County, South Carolina",1397,0.31642129105322764
45083,Asian Alone,4415,"Some college, no degree","Spartanburg County, South Carolina",793,0.1796149490373726
45083,Asian Alone,4415,Total Population,"Spartanburg County, South Carolina",4415,1
47065,Asian Alone,4804,"9th to 12th grade, no diploma","Hamilton County, Tennessee",44,0.009159034138218152
47065,Asian Alone,4804,Associate's degree,"Hamilton County, Tennessee",509,0.1059533721898418
47065,Asian Alone,4804,Bachelor's degree,"Hamilton County, Tennessee",1100,0.2289758534554538
47065,Asian Alone,4804,GED or alternative credential,"Hamilton County, Tennessee",101,0.02102414654454621
47065,Asian Alone,4804,Graduate or professional degree,"Hamilton County, Tennessee",978,0.2035803497085762
47065,Asian Alone,4804,Less than 9th grade,"Hamilton County, Tennessee",656,0.13655287260616153
47065,Asian Alone,4804,Regular high school diploma,"Hamilton County, Tennessee",704,0.14654454621149043
47065,Asian Alone,4804,"Some college, no degree","Hamilton County, Tennessee",712,0.1482098251457119
47065,Asian Alone,4804,Total Population,"Hamilton County, Tennessee",4804,1
37063,Black Or African American Alone,76209,"9th to 12th grade, no diploma","Durham County, North Carolina",4877,0.06399506619953024
37063,Black Or African American Alone,76209,Associate's degree,"Durham County, North Carolina",7610,0.09985697227361598
37063,Black Or African American Alone,76209,Bachelor's degree,"Durham County, North Carolina",14446,0.18955766379299033
37063,Black Or African American Alone,76209,GED or alternative credential,"Durham County, North Carolina",3996,0.05243475180096839
37063,Black Or African American Alone,76209,Graduate or professional degree,"Durham County, North Carolina",11322,0.14856513010274378
37063,Black Or African American Alone,76209,Less than 9th grade,"Durham County, North Carolina",1152,0.015116324843522419
37063,Black Or African American Alone,76209,Regular high school diploma,"Durham County, North Carolina",17854,0.2342767914550775
37063,Black Or African American Alone,76209,"Some college, no degree","Durham County, North Carolina",14952,0.19619729953155138
37063,Black Or African American Alone,76209,Total Population,"Durham County, North Carolina",76209,1
37067,Black Or African American Alone,62695,"9th to 12th grade, no diploma","Forsyth County, North Carolina",6543,0.10436238934524285
37067,Black Or African American Alone,62695,Associate's degree,"Forsyth County, North Carolina",4949,0.0789377143312864
37067,Black Or African American Alone,62695,Bachelor's degree,"Forsyth County, North Carolina",8395,0.1339022250578196
37067,Black Or African American Alone,62695,GED or alternative credential,"Forsyth County, North Carolina",961,0.015328176090597336
37067,Black Or African American Alone,62695,Graduate or professional degree,"Forsyth County, North Carolina",3894,0.06211021612568785
37067,Black Or African American Alone,62695,Less than 9th grade,"Forsyth County, North Carolina",2395,0.038200813461998565
37067,Black Or African American Alone,62695,Regular high school diploma,"Forsyth County, North Carolina",20896,0.33329611611771276
37067,Black Or African American Alone,62695,"Some college, no degree","Forsyth County, North Carolina",14662,0.23386234946965467
37067,Black Or African American Alone,62695,Total Population,"Forsyth County, North Carolina",62695,1
37081,Black Or African American Alone,113782,"9th to 12th grade, no diploma","Guilford County, North Carolina",10184,0.08950449104427766
37081,Black Or African American Alone,113782,Associate's degree,"Guilford County, North Carolina",10405,0.09144680177884024
37081,Black Or African American Alone,113782,Bachelor's degree,"Guilford County, North Carolina",19359,0.1701411471058691
37081,Black Or African American Alone,113782,GED or alternative credential,"Guilford County, North Carolina",4498,0.03953173612697966
37081,Black Or African American Alone,113782,Graduate or professional degree,"Guilford County, North Carolina",11322,0.09950607301682164
37081,Black Or African American Alone,113782,Less than 9th grade,"Guilford County, North Carolina",3474,0.03053207009896117
37081,Black Or African American Alone,113782,Regular high school diploma,"Guilford County, North Carolina",26336,0.23146016065810057
37081,Black Or African American Alone,113782,"Some college, no degree","Guilford County, North Carolina",28204,0.24787752017014994
37081,Black Or African American Alone,113782,Total Population,"Guilford County, North Carolina",113782,1
37119,Black Or African American Alone,227489,"9th to 12th grade, no diploma","Mecklenburg County, North Carolina",16705,0.07343212199271174
37119,Black Or African American Alone,227489,Associate's degree,"Mecklenburg County, North Carolina",22093,0.0971167836686609
37119,Black Or African American Alone,227489,Bachelor's degree,"Mecklenburg County, North Carolina",45499,0.20000527498032872
37119,Black Or African American Alone,227489,GED or alternative credential,"Mecklenburg County, North Carolina",5230,0.022990122599334473
37119,Black Or African American Alone,227489,Graduate or professional degree,"Mecklenburg County, North Carolina",23824,0.10472594279283834
37119,Black Or African American Alone,227489,Less than 9th grade,"Mecklenburg County, North Carolina",3939,0.017315122929020745
37119,Black Or African American Alone,227489,Regular high school diploma,"Mecklenburg County, North Carolina",44916,0.19744251370395932
37119,Black Or African American Alone,227489,"Some college, no degree","Mecklenburg County, North Carolina",65283,0.28697211733314576
37119,Black Or African American Alone,227489,Total Population,"Mecklenburg County, North Carolina",227489,1
37129,Black Or African American Alone,19972,"9th to 12th grade, no diploma","New Hanover County, North Carolina",1760,0.08812337272181053
37129,Black Or African American Alone,19972,Associate's degree,"New Hanover County, North Carolina",790,0.03955537752853996
37129,Black Or African American Alone,19972,Bachelor's degree,"New Hanover County, North Carolina",2999,0.15016022431403966
37129,Black Or African American Alone,19972,GED or alternative credential,"New Hanover County, North Carolina",1310,0.06559182855998398
37129,Black Or African American Alone,19972,Graduate or professional degree,"New Hanover County, North Carolina",449,0.022481474063689166
37129,Black Or African American Alone,19972,Less than 9th grade,"New Hanover County, North Carolina",277,0.01386941718405768
37129,Black Or African American Alone,19972,Regular high school diploma,"New Hanover County, North Carolina",6169,0.3088824354095734
37129,Black Or African American Alone,19972,"Some college, no degree","New Hanover County, North Carolina",6218,0.3113358702183056
37129,Black Or African American Alone,19972,Total Population,"New Hanover County, North Carolina",19972,1
37183,Black Or African American Alone,142564,"9th to 12th grade, no diploma","Wake County, North Carolina",9477,0.06647540753626441
37183,Black Or African American Alone,142564,Associate's degree,"Wake County, North Carolina",9533,0.06686821357425438
37183,Black Or African American Alone,142564,Bachelor's degree,"Wake County, North Carolina",31415,0.22035717291882945
37183,Black Or African American Alone,142564,GED or alternative credential,"Wake County, North Carolina",3007,0.021092281361353497
37183,Black Or African American Alone,142564,Graduate or professional degree,"Wake County, North Carolina",18737,0.13142869167531776
37183,Black Or African American Alone,142564,Less than 9th grade,"Wake County, North Carolina",2692,0.018882747397659997
37183,Black Or African American Alone,142564,Regular high school diploma,"Wake County, North Carolina",30190,0.21176454083779916
37183,Black Or African American Alone,142564,"Some college, no degree","Wake County, North Carolina",37513,0.2631309446985214
37183,Black Or African American Alone,142564,Total Population,"Wake County, North Carolina",142564,1
45045,Black Or African American Alone,58788,"9th to 12th grade, no diploma","Greenville County, South Carolina",7381,0.12555283391168265
45045,Black Or African American Alone,58788,Associate's degree,"Greenville County, South Carolina",7197,0.12242294345784854
45045,Black Or African American Alone,58788,Bachelor's degree,"Greenville County, South Carolina",6279,0.1068075117370892
45045,Black Or African American Alone,58788,GED or alternative credential,"Greenville County, South Carolina",1778,0.030244267537592705
45045,Black Or African American Alone,58788,Graduate or professional degree,"Greenville County, South Carolina",3347,0.05693338776621079
45045,Black Or African American Alone,58788,Less than 9th grade,"Greenville County, South Carolina",2066,0.03514322650881132
45045,Black Or African American Alone,58788,Regular high school diploma,"Greenville County, South Carolina",16728,0.2845478669116146
45045,Black Or African American Alone,58788,"Some college, no degree","Greenville County, South Carolina",14012,0.23834796216915016
45045,Black Or African American Alone,58788,Total Population,"Greenville County, South Carolina",58788,1
45083,Black Or African American Alone,41396,"9th to 12th grade, no diploma","Spartanburg County, South Carolina",4546,0.10981737365929076
45083,Black Or African American Alone,41396,Associate's degree,"Spartanburg County, South Carolina",4871,0.11766837375591845
45083,Black Or African American Alone,41396,Bachelor's degree,"Spartanburg County, South Carolina",4436,0.10716011208812445
45083,Black Or African American Alone,41396,GED or alternative credential,"Spartanburg County, South Carolina",1968,0.047540825200502464
45083,Black Or African American Alone,41396,Graduate or professional degree,"Spartanburg County, South Carolina",1923,0.04645376364866171
45083,Black Or African American Alone,41396,Less than 9th grade,"Spartanburg County, South Carolina",1929,0.046598705188907144
45083,Black Or African American Alone,41396,Regular high school diploma,"Spartanburg County, South Carolina",10336,0.24968595999613488
45083,Black Or African American Alone,41396,"Some college, no degree","Spartanburg County, South Carolina",11387,0.27507488646246014
45083,Black Or African American Alone,41396,Total Population,"Spartanburg County, South Carolina",41396,1
47065,Black Or African American Alone,45571,"9th to 12th grade, no diploma","Hamilton County, Tennessee",5912,0.12973162757016524
47065,Black Or African American Alone,45571,Associate's degree,"Hamilton County, Tennessee",4646,0.1019508020451603
47065,Black Or African American Alone,45571,Bachelor's degree,"Hamilton County, Tennessee",4132,0.09067169910688816
47065,Black Or African American Alone,45571,GED or alternative credential,"Hamilton County, Tennessee",2286,0.05016348116126484
47065,Black Or African American Alone,45571,Graduate or professional degree,"Hamilton County, Tennessee",2443,0.05360865462684602
47065,Black Or African American Alone,45571,Less than 9th grade,"Hamilton County, Tennessee",1459,0.032015975071865876
47065,Black Or African American Alone,45571,Regular high school diploma,"Hamilton County, Tennessee",11955,0.2623378903249874
47065,Black Or African American Alone,45571,"Some college, no degree","Hamilton County, Tennessee",12738,0.2795198700928222
47065,Black Or African American Alone,45571,Total Population,"Hamilton County, Tennessee",45571,1
37063,Hispanic Or Latino,21791,"9th to 12th grade, no diploma","Durham County, North Carolina",2214,0.10160157863338075
37063,Hispanic Or Latino,21791,Associate's degree,"Durham County, North Carolina",409,0.018769216649075306
37063,Hispanic Or Latino,21791,Bachelor's degree,"Durham County, North Carolina",1812,0.08315359552108668
37063,Hispanic Or Latino,21791,GED or alternative credential,"Durham County, North Carolina",142,0.006516451746133725
37063,Hispanic Or Latino,21791,Graduate or professional degree,"Durham County, North Carolina",1418,0.06507273645082833
37063,Hispanic Or Latino,21791,Less than 9th grade,"Durham County, North Carolina",8221,0.3772658436969391
37063,Hispanic Or Latino,21791,Regular high school diploma,"Durham County, North Carolina",5325,0.24436694048001467
37063,Hispanic Or Latino,21791,"Some college, no degree","Durham County, North Carolina",2250,0.10325363682254142
37063,Hispanic Or Latino,21791,Total Population,"Durham County, North Carolina",21791,1
37067,Hispanic Or Latino,22428,"9th to 12th grade, no diploma","Forsyth County, North Carolina",3194,0.14241127162475478
37067,Hispanic Or Latino,22428,Associate's degree,"Forsyth County, North Carolina",1050,0.04681647940074907
37067,Hispanic Or Latino,22428,Bachelor's degree,"Forsyth County, North Carolina",2409,0.10741037988228999
37067,Hispanic Or Latino,22428,GED or alternative credential,"Forsyth County, North Carolina",936,0.04173354735152488
37067,Hispanic Or Latino,22428,Graduate or professional degree,"Forsyth County, North Carolina",582,0.025949705724986623
37067,Hispanic Or Latino,22428,Less than 9th grade,"Forsyth County, North Carolina",7409,0.33034599607633314
37067,Hispanic Or Latino,22428,Regular high school diploma,"Forsyth County, North Carolina",4890,0.2180310326377742
37067,Hispanic Or Latino,22428,"Some college, no degree","Forsyth County, North Carolina",1958,0.0873015873015873
37067,Hispanic Or Latino,22428,Total Population,"Forsyth County, North Carolina",22428,1
37081,Hispanic Or Latino,21215,"9th to 12th grade, no diploma","Guilford County, North Carolina",2770,0.1305679943436248
37081,Hispanic Or Latino,21215,Associate's degree,"Guilford County, North Carolina",1301,0.06132453452745699
37081,Hispanic Or Latino,21215,Bachelor's degree,"Guilford County, North Carolina",2526,0.11906669809097337
37081,Hispanic Or Latino,21215,GED or alternative credential,"Guilford County, North Carolina",773,0.03643648362008013
37081,Hispanic Or Latino,21215,Graduate or professional degree,"Guilford County, North Carolina",918,0.0432712703275984
37081,Hispanic Or Latino,21215,Less than 9th grade,"Guilford County, North Carolina",5571,0.26259721894885696
37081,Hispanic Or Latino,21215,Regular high school diploma,"Guilford County, North Carolina",3694,0.1741220834315343
37081,Hispanic Or Latino,21215,"Some college, no degree","Guilford County, North Carolina",3662,0.17261371670987508
37081,Hispanic Or Latino,21215,Total Population,"Guilford County, North Carolina",21215,1
37119,Hispanic Or Latino,78749,"9th to 12th grade, no diploma","Mecklenburg County, North Carolina",8576,0.10890297019644694
37119,Hispanic Or Latino,78749,Associate's degree,"Mecklenburg County, North Carolina",4094,0.05198796175189526
37119,Hispanic Or Latino,78749,Bachelor's degree,"Mecklenburg County, North Carolina",10515,0.13352550508577887
37119,Hispanic Or Latino,78749,GED or alternative credential,"Mecklenburg County, North Carolina",1201,0.015250987314124624
37119,Hispanic Or Latino,78749,Graduate or professional degree,"Mecklenburg County, North Carolina",3173,0.04029257514381135
37119,Hispanic Or Latino,78749,Less than 9th grade,"Mecklenburg County, North Carolina",21161,0.2687145233590268
37119,Hispanic Or Latino,78749,Regular high school diploma,"Mecklenburg County, North Carolina",17358,0.22042184662662384
37119,Hispanic Or Latino,78749,"Some college, no degree","Mecklenburg County, North Carolina",12671,0.16090363052229234
37119,Hispanic Or Latino,78749,Total Population,"Mecklenburg County, North Carolina",78749,1
37129,Hispanic Or Latino,NA,"9th to 12th grade, no diploma","New Hanover County, North Carolina",NA,NA
37129,Hispanic Or Latino,NA,Associate's degree,"New Hanover County, North Carolina",NA,NA
37129,Hispanic Or Latino,NA,Bachelor's degree,"New Hanover County, North Carolina",NA,NA
37129,Hispanic Or Latino,NA,GED or alternative credential,"New Hanover County, North Carolina",NA,NA
37129,Hispanic Or Latino,NA,Graduate or professional degree,"New Hanover County, North Carolina",NA,NA
37129,Hispanic Or Latino,NA,Less than 9th grade,"New Hanover County, North Carolina",NA,NA
37129,Hispanic Or Latino,NA,Regular high school diploma,"New Hanover County, North Carolina",NA,NA
37129,Hispanic Or Latino,NA,"Some college, no degree","New Hanover County, North Carolina",NA,NA
37129,Hispanic Or Latino,NA,Total Population,"New Hanover County, North Carolina",NA,NA
37183,Hispanic Or Latino,58876,"9th to 12th grade, no diploma","Wake County, North Carolina",5862,0.09956518785243562
37183,Hispanic Or Latino,58876,Associate's degree,"Wake County, North Carolina",4527,0.07689041375093417
37183,Hispanic Or Latino,58876,Bachelor's degree,"Wake County, North Carolina",10016,0.17012025273456077
37183,Hispanic Or Latino,58876,GED or alternative credential,"Wake County, North Carolina",2219,0.0376893810720837
37183,Hispanic Or Latino,58876,Graduate or professional degree,"Wake County, North Carolina",5899,0.10019362728446225
37183,Hispanic Or Latino,58876,Less than 9th grade,"Wake County, North Carolina",12657,0.21497724030165094
37183,Hispanic Or Latino,58876,Regular high school diploma,"Wake County, North Carolina",9838,0.16709694952102724
37183,Hispanic Or Latino,58876,"Some college, no degree","Wake County, North Carolina",7858,0.1334669474828453
37183,Hispanic Or Latino,58876,Total Population,"Wake County, North Carolina",58876,1
45045,Hispanic Or Latino,25815,"9th to 12th grade, no diploma","Greenville County, South Carolina",3397,0.1315901607592485
45045,Hispanic Or Latino,25815,Associate's degree,"Greenville County, South Carolina",1120,0.04338562851055588
45045,Hispanic Or Latino,25815,Bachelor's degree,"Greenville County, South Carolina",2859,0.11074956420685649
45045,Hispanic Or Latino,25815,GED or alternative credential,"Greenville County, South Carolina",1049,0.04063528956033314
45045,Hispanic Or Latino,25815,Graduate or professional degree,"Greenville County, South Carolina",1626,0.06298663567693201
45045,Hispanic Or Latino,25815,Less than 9th grade,"Greenville County, South Carolina",6982,0.2704629091613403
45045,Hispanic Or Latino,25815,Regular high school diploma,"Greenville County, South Carolina",5663,0.21936858415649815
45045,Hispanic Or Latino,25815,"Some college, no degree","Greenville County, South Carolina",3119,0.12082122796823552
45045,Hispanic Or Latino,25815,Total Population,"Greenville County, South Carolina",25815,1
45083,Hispanic Or Latino,11051,"9th to 12th grade, no diploma","Spartanburg County, South Carolina",1613,0.1459596416613881
45083,Hispanic Or Latino,11051,Associate's degree,"Spartanburg County, South Carolina",1027,0.09293276626549633
45083,Hispanic Or Latino,11051,Bachelor's degree,"Spartanburg County, South Carolina",1083,0.09800018097909692
45083,Hispanic Or Latino,11051,GED or alternative credential,"Spartanburg County, South Carolina",58,0.005248393810514886
45083,Hispanic Or Latino,11051,Graduate or professional degree,"Spartanburg County, South Carolina",715,0.06470002714686454
45083,Hispanic Or Latino,11051,Less than 9th grade,"Spartanburg County, South Carolina",2799,0.2532802461315718
45083,Hispanic Or Latino,11051,Regular high school diploma,"Spartanburg County, South Carolina",2711,0.2453171658673423
45083,Hispanic Or Latino,11051,"Some college, no degree","Spartanburg County, South Carolina",1045,0.09456157813772509
45083,Hispanic Or Latino,11051,Total Population,"Spartanburg County, South Carolina",11051,1
47065,Hispanic Or Latino,9965,"9th to 12th grade, no diploma","Hamilton County, Tennessee",1210,0.12142498745609634
47065,Hispanic Or Latino,9965,Associate's degree,"Hamilton County, Tennessee",400,0.04014049172102358
47065,Hispanic Or Latino,9965,Bachelor's degree,"Hamilton County, Tennessee",1132,0.11359759157049674
47065,Hispanic Or Latino,9965,GED or alternative credential,"Hamilton County, Tennessee",220,0.02207727044656297
47065,Hispanic Or Latino,9965,Graduate or professional degree,"Hamilton County, Tennessee",324,0.0325137982940291
47065,Hispanic Or Latino,9965,Less than 9th grade,"Hamilton County, Tennessee",3453,0.3465127947817361
47065,Hispanic Or Latino,9965,Regular high school diploma,"Hamilton County, Tennessee",1529,0.15343702960361263
47065,Hispanic Or Latino,9965,"Some college, no degree","Hamilton County, Tennessee",1697,0.17029603612644256
47065,Hispanic Or Latino,9965,Total Population,"Hamilton County, Tennessee",9965,1
37063,Native Hawaiian And Other Pacific Islander Alone,NA,"9th to 12th grade, no diploma","Durham County, North Carolina",NA,NA
37063,Native Hawaiian And Other Pacific Islander Alone,NA,Associate's degree,"Durham County, North Carolina",NA,NA
37063,Native Hawaiian And Other Pacific Islander Alone,NA,Bachelor's degree,"Durham County, North Carolina",NA,NA
37063,Native Hawaiian And Other Pacific Islander Alone,NA,GED or alternative credential,"Durham County, North Carolina",NA,NA
37063,Native Hawaiian And Other Pacific Islander Alone,NA,Graduate or professional degree,"Durham County, North Carolina",NA,NA
37063,Native Hawaiian And Other Pacific Islander Alone,NA,Less than 9th grade,"Durham County, North Carolina",NA,NA
37063,Native Hawaiian And Other Pacific Islander Alone,NA,Regular high school diploma,"Durham County, North Carolina",NA,NA
37063,Native Hawaiian And Other Pacific Islander Alone,NA,"Some college, no degree","Durham County, North Carolina",NA,NA
37063,Native Hawaiian And Other Pacific Islander Alone,NA,Total Population,"Durham County, North Carolina",NA,NA
37067,Native Hawaiian And Other Pacific Islander Alone,NA,"9th to 12th grade, no diploma","Forsyth County, North Carolina",NA,NA
37067,Native Hawaiian And Other Pacific Islander Alone,NA,Associate's degree,"Forsyth County, North Carolina",NA,NA
37067,Native Hawaiian And Other Pacific Islander Alone,NA,Bachelor's degree,"Forsyth County, North Carolina",NA,NA
37067,Native Hawaiian And Other Pacific Islander Alone,NA,GED or alternative credential,"Forsyth County, North Carolina",NA,NA
37067,Native Hawaiian And Other Pacific Islander Alone,NA,Graduate or professional degree,"Forsyth County, North Carolina",NA,NA
37067,Native Hawaiian And Other Pacific Islander Alone,NA,Less than 9th grade,"Forsyth County, North Carolina",NA,NA
37067,Native Hawaiian And Other Pacific Islander Alone,NA,Regular high school diploma,"Forsyth County, North Carolina",NA,NA
37067,Native Hawaiian And Other Pacific Islander Alone,NA,"Some college, no degree","Forsyth County, North Carolina",NA,NA
37067,Native Hawaiian And Other Pacific Islander Alone,NA,Total Population,"Forsyth County, North Carolina",NA,NA
37081,Native Hawaiian And Other Pacific Islander Alone,NA,"9th to 12th grade, no diploma","Guilford County, North Carolina",NA,NA
37081,Native Hawaiian And Other Pacific Islander Alone,NA,Associate's degree,"Guilford County, North Carolina",NA,NA
37081,Native Hawaiian And Other Pacific Islander Alone,NA,Bachelor's degree,"Guilford County, North Carolina",NA,NA
37081,Native Hawaiian And Other Pacific Islander Alone,NA,GED or alternative credential,"Guilford County, North Carolina",NA,NA
37081,Native Hawaiian And Other Pacific Islander Alone,NA,Graduate or professional degree,"Guilford County, North Carolina",NA,NA
37081,Native Hawaiian And Other Pacific Islander Alone,NA,Less than 9th grade,"Guilford County, North Carolina",NA,NA
37081,Native Hawaiian And Other Pacific Islander Alone,NA,Regular high school diploma,"Guilford County, North Carolina",NA,NA
37081,Native Hawaiian And Other Pacific Islander Alone,NA,"Some college, no degree","Guilford County, North Carolina",NA,NA
37081,Native Hawaiian And Other Pacific Islander Alone,NA,Total Population,"Guilford County, North Carolina",NA,NA
37119,Native Hawaiian And Other Pacific Islander Alone,NA,"9th to 12th grade, no diploma","Mecklenburg County, North Carolina",NA,NA
37119,Native Hawaiian And Other Pacific Islander Alone,NA,Associate's degree,"Mecklenburg County, North Carolina",NA,NA
37119,Native Hawaiian And Other Pacific Islander Alone,NA,Bachelor's degree,"Mecklenburg County, North Carolina",NA,NA
37119,Native Hawaiian And Other Pacific Islander Alone,NA,GED or alternative credential,"Mecklenburg County, North Carolina",NA,NA
37119,Native Hawaiian And Other Pacific Islander Alone,NA,Graduate or professional degree,"Mecklenburg County, North Carolina",NA,NA
37119,Native Hawaiian And Other Pacific Islander Alone,NA,Less than 9th grade,"Mecklenburg County, North Carolina",NA,NA
37119,Native Hawaiian And Other Pacific Islander Alone,NA,Regular high school diploma,"Mecklenburg County, North Carolina",NA,NA
37119,Native Hawaiian And Other Pacific Islander Alone,NA,"Some college, no degree","Mecklenburg County, North Carolina",NA,NA
37119,Native Hawaiian And Other Pacific Islander Alone,NA,Total Population,"Mecklenburg County, North Carolina",NA,NA
37129,Native Hawaiian And Other Pacific Islander Alone,NA,"9th to 12th grade, no diploma","New Hanover County, North Carolina",NA,NA
37129,Native Hawaiian And Other Pacific Islander Alone,NA,Associate's degree,"New Hanover County, North Carolina",NA,NA
37129,Native Hawaiian And Other Pacific Islander Alone,NA,Bachelor's degree,"New Hanover County, North Carolina",NA,NA
37129,Native Hawaiian And Other Pacific Islander Alone,NA,GED or alternative credential,"New Hanover County, North Carolina",NA,NA
37129,Native Hawaiian And Other Pacific Islander Alone,NA,Graduate or professional degree,"New Hanover County, North Carolina",NA,NA
37129,Native Hawaiian And Other Pacific Islander Alone,NA,Less than 9th grade,"New Hanover County, North Carolina",NA,NA
37129,Native Hawaiian And Other Pacific Islander Alone,NA,Regular high school diploma,"New Hanover County, North Carolina",NA,NA
37129,Native Hawaiian And Other Pacific Islander Alone,NA,"Some college, no degree","New Hanover County, North Carolina",NA,NA
37129,Native Hawaiian And Other Pacific Islander Alone,NA,Total Population,"New Hanover County, North Carolina",NA,NA
37183,Native Hawaiian And Other Pacific Islander Alone,NA,"9th to 12th grade, no diploma","Wake County, North Carolina",NA,NA
37183,Native Hawaiian And Other Pacific Islander Alone,NA,Associate's degree,"Wake County, North Carolina",NA,NA
37183,Native Hawaiian And Other Pacific Islander Alone,NA,Bachelor's degree,"Wake County, North Carolina",NA,NA
37183,Native Hawaiian And Other Pacific Islander Alone,NA,GED or alternative credential,"Wake County, North Carolina",NA,NA
37183,Native Hawaiian And Other Pacific Islander Alone,NA,Graduate or professional degree,"Wake County, North Carolina",NA,NA
37183,Native Hawaiian And Other Pacific Islander Alone,NA,Less than 9th grade,"Wake County, North Carolina",NA,NA
37183,Native Hawaiian And Other Pacific Islander Alone,NA,Regular high school diploma,"Wake County, North Carolina",NA,NA
37183,Native Hawaiian And Other Pacific Islander Alone,NA,"Some college, no degree","Wake County, North Carolina",NA,NA
37183,Native Hawaiian And Other Pacific Islander Alone,NA,Total Population,"Wake County, North Carolina",NA,NA
45045,Native Hawaiian And Other Pacific Islander Alone,NA,"9th to 12th grade, no diploma","Greenville County, South Carolina",NA,NA
45045,Native Hawaiian And Other Pacific Islander Alone,NA,Associate's degree,"Greenville County, South Carolina",NA,NA
45045,Native Hawaiian And Other Pacific Islander Alone,NA,Bachelor's degree,"Greenville County, South Carolina",NA,NA
45045,Native Hawaiian And Other Pacific Islander Alone,NA,GED or alternative credential,"Greenville County, South Carolina",NA,NA
45045,Native Hawaiian And Other Pacific Islander Alone,NA,Graduate or professional degree,"Greenville County, South Carolina",NA,NA
45045,Native Hawaiian And Other Pacific Islander Alone,NA,Less than 9th grade,"Greenville County, South Carolina",NA,NA
45045,Native Hawaiian And Other Pacific Islander Alone,NA,Regular high school diploma,"Greenville County, South Carolina",NA,NA
45045,Native Hawaiian And Other Pacific Islander Alone,NA,"Some college, no degree","Greenville County, South Carolina",NA,NA
45045,Native Hawaiian And Other Pacific Islander Alone,NA,Total Population,"Greenville County, South Carolina",NA,NA
45083,Native Hawaiian And Other Pacific Islander Alone,NA,"9th to 12th grade, no diploma","Spartanburg County, South Carolina",NA,NA
45083,Native Hawaiian And Other Pacific Islander Alone,NA,Associate's degree,"Spartanburg County, South Carolina",NA,NA
45083,Native Hawaiian And Other Pacific Islander Alone,NA,Bachelor's degree,"Spartanburg County, South Carolina",NA,NA
45083,Native Hawaiian And Other Pacific Islander Alone,NA,GED or alternative credential,"Spartanburg County, South Carolina",NA,NA
45083,Native Hawaiian And Other Pacific Islander Alone,NA,Graduate or professional degree,"Spartanburg County, South Carolina",NA,NA
45083,Native Hawaiian And Other Pacific Islander Alone,NA,Less than 9th grade,"Spartanburg County, South Carolina",NA,NA
45083,Native Hawaiian And Other Pacific Islander Alone,NA,Regular high school diploma,"Spartanburg County, South Carolina",NA,NA
45083,Native Hawaiian And Other Pacific Islander Alone,NA,"Some college, no degree","Spartanburg County, South Carolina",NA,NA
45083,Native Hawaiian And Other Pacific Islander Alone,NA,Total Population,"Spartanburg County, South Carolina",NA,NA
47065,Native Hawaiian And Other Pacific Islander Alone,NA,"9th to 12th grade, no diploma","Hamilton County, Tennessee",NA,NA
47065,Native Hawaiian And Other Pacific Islander Alone,NA,Associate's degree,"Hamilton County, Tennessee",NA,NA
47065,Native Hawaiian And Other Pacific Islander Alone,NA,Bachelor's degree,"Hamilton County, Tennessee",NA,NA
47065,Native Hawaiian And Other Pacific Islander Alone,NA,GED or alternative credential,"Hamilton County, Tennessee",NA,NA
47065,Native Hawaiian And Other Pacific Islander Alone,NA,Graduate or professional degree,"Hamilton County, Tennessee",NA,NA
47065,Native Hawaiian And Other Pacific Islander Alone,NA,Less than 9th grade,"Hamilton County, Tennessee",NA,NA
47065,Native Hawaiian And Other Pacific Islander Alone,NA,Regular high school diploma,"Hamilton County, Tennessee",NA,NA
47065,Native Hawaiian And Other Pacific Islander Alone,NA,"Some college, no degree","Hamilton County, Tennessee",NA,NA
47065,Native Hawaiian And Other Pacific Islander Alone,NA,Total Population,"Hamilton County, Tennessee",NA,NA
37063,Some Other Race Alone,6946,"9th to 12th grade, no diploma","Durham County, North Carolina",883,0.12712352433054996
37063,Some Other Race Alone,6946,Associate's degree,"Durham County, North Carolina",120,0.017276130146847105
37063,Some Other Race Alone,6946,Bachelor's degree,"Durham County, North Carolina",883,0.12712352433054996
37063,Some Other Race Alone,6946,GED or alternative credential,"Durham County, North Carolina",135,0.019435646415202994
37063,Some Other Race Alone,6946,Graduate or professional degree,"Durham County, North Carolina",616,0.08868413475381515
37063,Some Other Race Alone,6946,Less than 9th grade,"Durham County, North Carolina",1723,0.2480564353584797
37063,Some Other Race Alone,6946,Regular high school diploma,"Durham County, North Carolina",1725,0.24834437086092714
37063,Some Other Race Alone,6946,"Some college, no degree","Durham County, North Carolina",861,0.12395623380362798
37063,Some Other Race Alone,6946,Total Population,"Durham County, North Carolina",6946,1
37067,Some Other Race Alone,5398,"9th to 12th grade, no diploma","Forsyth County, North Carolina",572,0.10596517228603186
37067,Some Other Race Alone,5398,Associate's degree,"Forsyth County, North Carolina",98,0.018154872174879585
37067,Some Other Race Alone,5398,Bachelor's degree,"Forsyth County, North Carolina",628,0.11633938495739163
37067,Some Other Race Alone,5398,GED or alternative credential,"Forsyth County, North Carolina",365,0.06761763616154132
37067,Some Other Race Alone,5398,Graduate or professional degree,"Forsyth County, North Carolina",606,0.11226380140792887
37067,Some Other Race Alone,5398,Less than 9th grade,"Forsyth County, North Carolina",1394,0.25824379399777697
37067,Some Other Race Alone,5398,Regular high school diploma,"Forsyth County, North Carolina",842,0.15598369766580214
37067,Some Other Race Alone,5398,"Some college, no degree","Forsyth County, North Carolina",893,0.16543164134864766
37067,Some Other Race Alone,5398,Total Population,"Forsyth County, North Carolina",5398,1
37081,Some Other Race Alone,NA,"9th to 12th grade, no diploma","Guilford County, North Carolina",NA,NA
37081,Some Other Race Alone,NA,Associate's degree,"Guilford County, North Carolina",NA,NA
37081,Some Other Race Alone,NA,Bachelor's degree,"Guilford County, North Carolina",NA,NA
37081,Some Other Race Alone,NA,GED or alternative credential,"Guilford County, North Carolina",NA,NA
37081,Some Other Race Alone,NA,Graduate or professional degree,"Guilford County, North Carolina",NA,NA
37081,Some Other Race Alone,NA,Less than 9th grade,"Guilford County, North Carolina",NA,NA
37081,Some Other Race Alone,NA,Regular high school diploma,"Guilford County, North Carolina",NA,NA
37081,Some Other Race Alone,NA,"Some college, no degree","Guilford County, North Carolina",NA,NA
37081,Some Other Race Alone,NA,Total Population,"Guilford County, North Carolina",NA,NA
37119,Some Other Race Alone,35288,"9th to 12th grade, no diploma","Mecklenburg County, North Carolina",3371,0.09552822489231466
37119,Some Other Race Alone,35288,Associate's degree,"Mecklenburg County, North Carolina",1290,0.03655633643164815
37119,Some Other Race Alone,35288,Bachelor's degree,"Mecklenburg County, North Carolina",4086,0.11579007027884833
37119,Some Other Race Alone,35288,GED or alternative credential,"Mecklenburg County, North Carolina",585,0.016577873498073
37119,Some Other Race Alone,35288,Graduate or professional degree,"Mecklenburg County, North Carolina",961,0.027233053729313082
37119,Some Other Race Alone,35288,Less than 9th grade,"Mecklenburg County, North Carolina",12662,0.35881886193606893
37119,Some Other Race Alone,35288,Regular high school diploma,"Mecklenburg County, North Carolina",8142,0.23072999319882112
37119,Some Other Race Alone,35288,"Some college, no degree","Mecklenburg County, North Carolina",4191,0.11876558603491272
37119,Some Other Race Alone,35288,Total Population,"Mecklenburg County, North Carolina",35288,1
37129,Some Other Race Alone,NA,"9th to 12th grade, no diploma","New Hanover County, North Carolina",NA,NA
37129,Some Other Race Alone,NA,Associate's degree,"New Hanover County, North Carolina",NA,NA
37129,Some Other Race Alone,NA,Bachelor's degree,"New Hanover County, North Carolina",NA,NA
37129,Some Other Race Alone,NA,GED or alternative credential,"New Hanover County, North Carolina",NA,NA
37129,Some Other Race Alone,NA,Graduate or professional degree,"New Hanover County, North Carolina",NA,NA
37129,Some Other Race Alone,NA,Less than 9th grade,"New Hanover County, North Carolina",NA,NA
37129,Some Other Race Alone,NA,Regular high school diploma,"New Hanover County, North Carolina",NA,NA
37129,Some Other Race Alone,NA,"Some college, no degree","New Hanover County, North Carolina",NA,NA
37129,Some Other Race Alone,NA,Total Population,"New Hanover County, North Carolina",NA,NA
37183,Some Other Race Alone,26029,"9th to 12th grade, no diploma","Wake County, North Carolina",2729,0.10484459641169465
37183,Some Other Race Alone,26029,Associate's degree,"Wake County, North Carolina",1966,0.07553113834569135
37183,Some Other Race Alone,26029,Bachelor's degree,"Wake County, North Carolina",2035,0.0781820277382919
37183,Some Other Race Alone,26029,GED or alternative credential,"Wake County, North Carolina",1184,0.045487725229551655
37183,Some Other Race Alone,26029,Graduate or professional degree,"Wake County, North Carolina",1939,0.07449383380076069
37183,Some Other Race Alone,26029,Less than 9th grade,"Wake County, North Carolina",7600,0.29198202005455454
37183,Some Other Race Alone,26029,Regular high school diploma,"Wake County, North Carolina",5788,0.22236735948365285
37183,Some Other Race Alone,26029,"Some college, no degree","Wake County, North Carolina",2788,0.10711129893580237
37183,Some Other Race Alone,26029,Total Population,"Wake County, North Carolina",26029,1
45045,Some Other Race Alone,9412,"9th to 12th grade, no diploma","Greenville County, South Carolina",1267,0.1346153846153846
45045,Some Other Race Alone,9412,Associate's degree,"Greenville County, South Carolina",66,0.0070123246918827025
45045,Some Other Race Alone,9412,Bachelor's degree,"Greenville County, South Carolina",761,0.08085422864428389
45045,Some Other Race Alone,9412,GED or alternative credential,"Greenville County, South Carolina",435,0.046217594560135994
45045,Some Other Race Alone,9412,Graduate or professional degree,"Greenville County, South Carolina",432,0.045898852528686786
45045,Some Other Race Alone,9412,Less than 9th grade,"Greenville County, South Carolina",3041,0.32309817254568635
45045,Some Other Race Alone,9412,Regular high school diploma,"Greenville County, South Carolina",2396,0.2545686357841054
45045,Some Other Race Alone,9412,"Some college, no degree","Greenville County, South Carolina",1014,0.10773480662983426
45045,Some Other Race Alone,9412,Total Population,"Greenville County, South Carolina",9412,1
45083,Some Other Race Alone,NA,"9th to 12th grade, no diploma","Spartanburg County, South Carolina",NA,NA
45083,Some Other Race Alone,NA,Associate's degree,"Spartanburg County, South Carolina",NA,NA
45083,Some Other Race Alone,NA,Bachelor's degree,"Spartanburg County, South Carolina",NA,NA
45083,Some Other Race Alone,NA,GED or alternative credential,"Spartanburg County, South Carolina",NA,NA
45083,Some Other Race Alone,NA,Graduate or professional degree,"Spartanburg County, South Carolina",NA,NA
45083,Some Other Race Alone,NA,Less than 9th grade,"Spartanburg County, South Carolina",NA,NA
45083,Some Other Race Alone,NA,Regular high school diploma,"Spartanburg County, South Carolina",NA,NA
45083,Some Other Race Alone,NA,"Some college, no degree","Spartanburg County, South Carolina",NA,NA
45083,Some Other Race Alone,NA,Total Population,"Spartanburg County, South Carolina",NA,NA
47065,Some Other Race Alone,NA,"9th to 12th grade, no diploma","Hamilton County, Tennessee",NA,NA
47065,Some Other Race Alone,NA,Associate's degree,"Hamilton County, Tennessee",NA,NA
47065,Some Other Race Alone,NA,Bachelor's degree,"Hamilton County, Tennessee",NA,NA
47065,Some Other Race Alone,NA,GED or alternative credential,"Hamilton County, Tennessee",NA,NA
47065,Some Other Race Alone,NA,Graduate or professional degree,"Hamilton County, Tennessee",NA,NA
47065,Some Other Race Alone,NA,Less than 9th grade,"Hamilton County, Tennessee",NA,NA
47065,Some Other Race Alone,NA,Regular high school diploma,"Hamilton County, Tennessee",NA,NA
47065,Some Other Race Alone,NA,"Some college, no degree","Hamilton County, Tennessee",NA,NA
47065,Some Other Race Alone,NA,Total Population,"Hamilton County, Tennessee",NA,NA
37063,Two Or More Races,NA,"9th to 12th grade, no diploma","Durham County, North Carolina",NA,NA
37063,Two Or More Races,NA,Associate's degree,"Durham County, North Carolina",NA,NA
37063,Two Or More Races,NA,Bachelor's degree,"Durham County, North Carolina",NA,NA
37063,Two Or More Races,NA,GED or alternative credential,"Durham County, North Carolina",NA,NA
37063,Two Or More Races,NA,Graduate or professional degree,"Durham County, North Carolina",NA,NA
37063,Two Or More Races,NA,Less than 9th grade,"Durham County, North Carolina",NA,NA
37063,Two Or More Races,NA,Regular high school diploma,"Durham County, North Carolina",NA,NA
37063,Two Or More Races,NA,"Some college, no degree","Durham County, North Carolina",NA,NA
37063,Two Or More Races,NA,Total Population,"Durham County, North Carolina",NA,NA
37067,Two Or More Races,NA,"9th to 12th grade, no diploma","Forsyth County, North Carolina",NA,NA
37067,Two Or More Races,NA,Associate's degree,"Forsyth County, North Carolina",NA,NA
37067,Two Or More Races,NA,Bachelor's degree,"Forsyth County, North Carolina",NA,NA
37067,Two Or More Races,NA,GED or alternative credential,"Forsyth County, North Carolina",NA,NA
37067,Two Or More Races,NA,Graduate or professional degree,"Forsyth County, North Carolina",NA,NA
37067,Two Or More Races,NA,Less than 9th grade,"Forsyth County, North Carolina",NA,NA
37067,Two Or More Races,NA,Regular high school diploma,"Forsyth County, North Carolina",NA,NA
37067,Two Or More Races,NA,"Some college, no degree","Forsyth County, North Carolina",NA,NA
37067,Two Or More Races,NA,Total Population,"Forsyth County, North Carolina",NA,NA
37081,Two Or More Races,NA,"9th to 12th grade, no diploma","Guilford County, North Carolina",NA,NA
37081,Two Or More Races,NA,Associate's degree,"Guilford County, North Carolina",NA,NA
37081,Two Or More Races,NA,Bachelor's degree,"Guilford County, North Carolina",NA,NA
37081,Two Or More Races,NA,GED or alternative credential,"Guilford County, North Carolina",NA,NA
37081,Two Or More Races,NA,Graduate or professional degree,"Guilford County, North Carolina",NA,NA
37081,Two Or More Races,NA,Less than 9th grade,"Guilford County, North Carolina",NA,NA
37081,Two Or More Races,NA,Regular high school diploma,"Guilford County, North Carolina",NA,NA
37081,Two Or More Races,NA,"Some college, no degree","Guilford County, North Carolina",NA,NA
37081,Two Or More Races,NA,Total Population,"Guilford County, North Carolina",NA,NA
37119,Two Or More Races,12023,"9th to 12th grade, no diploma","Mecklenburg County, North Carolina",742,0.06171504616152375
37119,Two Or More Races,12023,Associate's degree,"Mecklenburg County, North Carolina",1440,0.11977043999001913
37119,Two Or More Races,12023,Bachelor's degree,"Mecklenburg County, North Carolina",3647,0.3033352740580554
37119,Two Or More Races,12023,GED or alternative credential,"Mecklenburg County, North Carolina",344,0.028611827330949014
37119,Two Or More Races,12023,Graduate or professional degree,"Mecklenburg County, North Carolina",1647,0.13698744073858438
37119,Two Or More Races,12023,Less than 9th grade,"Mecklenburg County, North Carolina",82,0.0068202611660983115
37119,Two Or More Races,12023,Regular high school diploma,"Mecklenburg County, North Carolina",1370,0.11394826582383764
37119,Two Or More Races,12023,"Some college, no degree","Mecklenburg County, North Carolina",2751,0.22881144473093237
37119,Two Or More Races,12023,Total Population,"Mecklenburg County, North Carolina",12023,1
37129,Two Or More Races,NA,"9th to 12th grade, no diploma","New Hanover County, North Carolina",NA,NA
37129,Two Or More Races,NA,Associate's degree,"New Hanover County, North Carolina",NA,NA
37129,Two Or More Races,NA,Bachelor's degree,"New Hanover County, North Carolina",NA,NA
37129,Two Or More Races,NA,GED or alternative credential,"New Hanover County, North Carolina",NA,NA
37129,Two Or More Races,NA,Graduate or professional degree,"New Hanover County, North Carolina",NA,NA
37129,Two Or More Races,NA,Less than 9th grade,"New Hanover County, North Carolina",NA,NA
37129,Two Or More Races,NA,Regular high school diploma,"New Hanover County, North Carolina",NA,NA
37129,Two Or More Races,NA,"Some college, no degree","New Hanover County, North Carolina",NA,NA
37129,Two Or More Races,NA,Total Population,"New Hanover County, North Carolina",NA,NA
37183,Two Or More Races,16732,"9th to 12th grade, no diploma","Wake County, North Carolina",382,0.02283050442266316
37183,Two Or More Races,16732,Associate's degree,"Wake County, North Carolina",1288,0.07697824527850824
37183,Two Or More Races,16732,Bachelor's degree,"Wake County, North Carolina",7610,0.45481711690174514
37183,Two Or More Races,16732,GED or alternative credential,"Wake County, North Carolina",619,0.03699497967965575
37183,Two Or More Races,16732,Graduate or professional degree,"Wake County, North Carolina",2368,0.14152522113315802
37183,Two Or More Races,16732,Less than 9th grade,"Wake County, North Carolina",310,0.018527372699019842
37183,Two Or More Races,16732,Regular high school diploma,"Wake County, North Carolina",1742,0.10411188142481473
37183,Two Or More Races,16732,"Some college, no degree","Wake County, North Carolina",2413,0.1442146784604351
37183,Two Or More Races,16732,Total Population,"Wake County, North Carolina",16732,1
45045,Two Or More Races,NA,"9th to 12th grade, no diploma","Greenville County, South Carolina",NA,NA
45045,Two Or More Races,NA,Associate's degree,"Greenville County, South Carolina",NA,NA
45045,Two Or More Races,NA,Bachelor's degree,"Greenville County, South Carolina",NA,NA
45045,Two Or More Races,NA,GED or alternative credential,"Greenville County, South Carolina",NA,NA
45045,Two Or More Races,NA,Graduate or professional degree,"Greenville County, South Carolina",NA,NA
45045,Two Or More Races,NA,Less than 9th grade,"Greenville County, South Carolina",NA,NA
45045,Two Or More Races,NA,Regular high school diploma,"Greenville County, South Carolina",NA,NA
45045,Two Or More Races,NA,"Some college, no degree","Greenville County, South Carolina",NA,NA
45045,Two Or More Races,NA,Total Population,"Greenville County, South Carolina",NA,NA
45083,Two Or More Races,NA,"9th to 12th grade, no diploma","Spartanburg County, South Carolina",NA,NA
45083,Two Or More Races,NA,Associate's degree,"Spartanburg County, South Carolina",NA,NA
45083,Two Or More Races,NA,Bachelor's degree,"Spartanburg County, South Carolina",NA,NA
45083,Two Or More Races,NA,GED or alternative credential,"Spartanburg County, South Carolina",NA,NA
45083,Two Or More Races,NA,Graduate or professional degree,"Spartanburg County, South Carolina",NA,NA
45083,Two Or More Races,NA,Less than 9th grade,"Spartanburg County, South Carolina",NA,NA
45083,Two Or More Races,NA,Regular high school diploma,"Spartanburg County, South Carolina",NA,NA
45083,Two Or More Races,NA,"Some college, no degree","Spartanburg County, South Carolina",NA,NA
45083,Two Or More Races,NA,Total Population,"Spartanburg County, South Carolina",NA,NA
47065,Two Or More Races,NA,"9th to 12th grade, no diploma","Hamilton County, Tennessee",NA,NA
47065,Two Or More Races,NA,Associate's degree,"Hamilton County, Tennessee",NA,NA
47065,Two Or More Races,NA,Bachelor's degree,"Hamilton County, Tennessee",NA,NA
47065,Two Or More Races,NA,GED or alternative credential,"Hamilton County, Tennessee",NA,NA
47065,Two Or More Races,NA,Graduate or professional degree,"Hamilton County, Tennessee",NA,NA
47065,Two Or More Races,NA,Less than 9th grade,"Hamilton County, Tennessee",NA,NA
47065,Two Or More Races,NA,Regular high school diploma,"Hamilton County, Tennessee",NA,NA
47065,Two Or More Races,NA,"Some college, no degree","Hamilton County, Tennessee",NA,NA
47065,Two Or More Races,NA,Total Population,"Hamilton County, Tennessee",NA,NA
37063,White Alone,120214,"9th to 12th grade, no diploma","Durham County, North Carolina",3657,0.030420749663100804
37063,White Alone,120214,Associate's degree,"Durham County, North Carolina",7948,0.06611542748764702
37063,White Alone,120214,Bachelor's degree,"Durham County, North Carolina",35241,0.2931522118887983
37063,White Alone,120214,GED or alternative credential,"Durham County, North Carolina",2378,0.019781389854759013
37063,White Alone,120214,Graduate or professional degree,"Durham County, North Carolina",31710,0.2637795930590447
37063,White Alone,120214,Less than 9th grade,"Durham County, North Carolina",7690,0.06396925482888849
37063,White Alone,120214,Regular high school diploma,"Durham County, North Carolina",14938,0.12426173324238442
37063,White Alone,120214,"Some college, no degree","Durham County, North Carolina",16652,0.13851963997537725
37063,White Alone,120214,Total Population,"Durham County, North Carolina",120214,1
37067,White Alone,174417,"9th to 12th grade, no diploma","Forsyth County, North Carolina",8791,0.050402197033546044
37067,White Alone,174417,Associate's degree,"Forsyth County, North Carolina",15719,0.09012309579914801
37067,White Alone,174417,Bachelor's degree,"Forsyth County, North Carolina",40854,0.23423175493214538
37067,White Alone,174417,GED or alternative credential,"Forsyth County, North Carolina",6564,0.037633946232305336
37067,White Alone,174417,Graduate or professional degree,"Forsyth County, North Carolina",24818,0.14229117574548353
37067,White Alone,174417,Less than 9th grade,"Forsyth County, North Carolina",7529,0.04316666379997362
37067,White Alone,174417,Regular high school diploma,"Forsyth County, North Carolina",35682,0.20457868212387553
37067,White Alone,174417,"Some college, no degree","Forsyth County, North Carolina",34460,0.19757248433352254
37067,White Alone,174417,Total Population,"Forsyth County, North Carolina",174417,1
37081,White Alone,210635,"9th to 12th grade, no diploma","Guilford County, North Carolina",9832,0.046677902532817436
37081,White Alone,210635,Associate's degree,"Guilford County, North Carolina",20308,0.09641322667173072
37081,White Alone,210635,Bachelor's degree,"Guilford County, North Carolina",59589,0.2829017019963444
37081,White Alone,210635,GED or alternative credential,"Guilford County, North Carolina",7017,0.033313551878842544
37081,White Alone,210635,Graduate or professional degree,"Guilford County, North Carolina",32113,0.15245804353502504
37081,White Alone,210635,Less than 9th grade,"Guilford County, North Carolina",5836,0.02770669641797422
37081,White Alone,210635,Regular high school diploma,"Guilford County, North Carolina",36241,0.17205592612813636
37081,White Alone,210635,"Some college, no degree","Guilford County, North Carolina",39699,0.1884729508391293
37081,White Alone,210635,Total Population,"Guilford County, North Carolina",210635,1
37119,White Alone,412181,"9th to 12th grade, no diploma","Mecklenburg County, North Carolina",13394,0.03249543283169287
37119,White Alone,412181,Associate's degree,"Mecklenburg County, North Carolina",31812,0.07717968562354888
37119,White Alone,412181,Bachelor's degree,"Mecklenburg County, North Carolina",153526,0.3724722876600329
37119,White Alone,412181,GED or alternative credential,"Mecklenburg County, North Carolina",6683,0.01621375075512942
37119,White Alone,412181,Graduate or professional degree,"Mecklenburg County, North Carolina",72536,0.17598094041210052
37119,White Alone,412181,Less than 9th grade,"Mecklenburg County, North Carolina",12325,0.029901912024086506
37119,White Alone,412181,Regular high school diploma,"Mecklenburg County, North Carolina",50336,0.12212110698940513
37119,White Alone,412181,"Some college, no degree","Mecklenburg County, North Carolina",71569,0.17363488370400382
37119,White Alone,412181,Total Population,"Mecklenburg County, North Carolina",412181,1
37129,White Alone,133726,"9th to 12th grade, no diploma","New Hanover County, North Carolina",5046,0.03773387374183031
37129,White Alone,133726,Associate's degree,"New Hanover County, North Carolina",14156,0.10585824746122668
37129,White Alone,133726,Bachelor's degree,"New Hanover County, North Carolina",41037,0.30687375678626444
37129,White Alone,133726,GED or alternative credential,"New Hanover County, North Carolina",4148,0.031018650075527572
37129,White Alone,133726,Graduate or professional degree,"New Hanover County, North Carolina",18871,0.1411169106979944
37129,White Alone,133726,Less than 9th grade,"New Hanover County, North Carolina",1645,0.012301272751746108
37129,White Alone,133726,Regular high school diploma,"New Hanover County, North Carolina",19866,0.14855749816789554
37129,White Alone,133726,"Some college, no degree","New Hanover County, North Carolina",28957,0.2165397903175149
37129,White Alone,133726,Total Population,"New Hanover County, North Carolina",133726,1
37183,White Alone,490629,"9th to 12th grade, no diploma","Wake County, North Carolina",11501,0.023441337548330818
37183,White Alone,490629,Associate's degree,"Wake County, North Carolina",43281,0.08821533174761377
37183,White Alone,490629,Bachelor's degree,"Wake County, North Carolina",189934,0.3871234680379676
37183,White Alone,490629,GED or alternative credential,"Wake County, North Carolina",7211,0.014697459791410617
37183,White Alone,490629,Graduate or professional degree,"Wake County, North Carolina",104118,0.2122133017004702
37183,White Alone,490629,Less than 9th grade,"Wake County, North Carolina",7012,0.014291858002686347
37183,White Alone,490629,Regular high school diploma,"Wake County, North Carolina",51713,0.10540143366984014
37183,White Alone,490629,"Some college, no degree","Wake County, North Carolina",75859,0.1546158095016805
37183,White Alone,490629,Total Population,"Wake County, North Carolina",490629,1
45045,White Alone,264104,"9th to 12th grade, no diploma","Greenville County, South Carolina",14318,0.05421349165480265
45045,White Alone,264104,Associate's degree,"Greenville County, South Carolina",21842,0.08270226880319874
45045,White Alone,264104,Bachelor's degree,"Greenville County, South Carolina",69768,0.2641686608305819
45045,White Alone,264104,GED or alternative credential,"Greenville County, South Carolina",11497,0.04353209341774453
45045,White Alone,264104,Graduate or professional degree,"Greenville County, South Carolina",39668,0.1501984066882743
45045,White Alone,264104,Less than 9th grade,"Greenville County, South Carolina",7456,0.02823130282010117
45045,White Alone,264104,Regular high school diploma,"Greenville County, South Carolina",48688,0.1843516190591585
45045,White Alone,264104,"Some college, no degree","Greenville County, South Carolina",50867,0.1926021567261382
45045,White Alone,264104,Total Population,"Greenville County, South Carolina",264104,1
45083,White Alone,160229,"9th to 12th grade, no diploma","Spartanburg County, South Carolina",11475,0.07161624924327056
45083,White Alone,160229,Associate's degree,"Spartanburg County, South Carolina",17966,0.11212701820519382
45083,White Alone,160229,Bachelor's degree,"Spartanburg County, South Carolina",26834,0.16747280454848998
45083,White Alone,160229,GED or alternative credential,"Spartanburg County, South Carolina",9488,0.05921524817604803
45083,White Alone,160229,Graduate or professional degree,"Spartanburg County, South Carolina",15748,0.0982843305518976
45083,White Alone,160229,Less than 9th grade,"Spartanburg County, South Carolina",7410,0.04624630996885707
45083,White Alone,160229,Regular high school diploma,"Spartanburg County, South Carolina",40581,0.2532687590885545
45083,White Alone,160229,"Some college, no degree","Spartanburg County, South Carolina",30727,0.19176928021768844
45083,White Alone,160229,Total Population,"Spartanburg County, South Carolina",160229,1
47065,White Alone,200005,"9th to 12th grade, no diploma","Hamilton County, Tennessee",11204,0.05601859953501163
47065,White Alone,200005,Associate's degree,"Hamilton County, Tennessee",18716,0.09357766055848604
47065,White Alone,200005,Bachelor's degree,"Hamilton County, Tennessee",44402,0.2220044498887528
47065,White Alone,200005,GED or alternative credential,"Hamilton County, Tennessee",9183,0.04591385215369616
47065,White Alone,200005,Graduate or professional degree,"Hamilton County, Tennessee",25448,0.127236819079523
47065,White Alone,200005,Less than 9th grade,"Hamilton County, Tennessee",6646,0.03322916927076823
47065,White Alone,200005,Regular high school diploma,"Hamilton County, Tennessee",36896,0.18447538811529712
47065,White Alone,200005,"Some college, no degree","Hamilton County, Tennessee",47510,0.23754406139846504
47065,White Alone,200005,Total Population,"Hamilton County, Tennessee",200005,1
37063,"White Alone, Not Hispanic Or Latino",105391,"9th to 12th grade, no diploma","Durham County, North Carolina",2455,0.02329420918294731
37063,"White Alone, Not Hispanic Or Latino",105391,Associate's degree,"Durham County, North Carolina",7727,0.07331745594974903
37063,"White Alone, Not Hispanic Or Latino",105391,Bachelor's degree,"Durham County, North Carolina",34298,0.32543575827157917
37063,"White Alone, Not Hispanic Or Latino",105391,GED or alternative credential,"Durham County, North Carolina",2371,0.022497177178316934
37063,"White Alone, Not Hispanic Or Latino",105391,Graduate or professional degree,"Durham County, North Carolina",30781,0.29206478731580493
37063,"White Alone, Not Hispanic Or Latino",105391,Less than 9th grade,"Durham County, North Carolina",1168,0.011082540254860471
37063,"White Alone, Not Hispanic Or Latino",105391,Regular high school diploma,"Durham County, North Carolina",11118,0.10549287889857768
37063,"White Alone, Not Hispanic Or Latino",105391,"Some college, no degree","Durham County, North Carolina",15473,0.14681519294816445
37063,"White Alone, Not Hispanic Or Latino",105391,Total Population,"Durham County, North Carolina",105391,1
37067,"White Alone, Not Hispanic Or Latino",158595,"9th to 12th grade, no diploma","Forsyth County, North Carolina",6561,0.04136952615151802
37067,"White Alone, Not Hispanic Or Latino",158595,Associate's degree,"Forsyth County, North Carolina",14767,0.09311138434376871
37067,"White Alone, Not Hispanic Or Latino",158595,Bachelor's degree,"Forsyth County, North Carolina",39317,0.24790819382704374
37067,"White Alone, Not Hispanic Or Latino",158595,GED or alternative credential,"Forsyth County, North Carolina",6067,0.03825467385478735
37067,"White Alone, Not Hispanic Or Latino",158595,Graduate or professional degree,"Forsyth County, North Carolina",24236,0.1528169236104543
37067,"White Alone, Not Hispanic Or Latino",158595,Less than 9th grade,"Forsyth County, North Carolina",2433,0.015340962829849617
37067,"White Alone, Not Hispanic Or Latino",158595,Regular high school diploma,"Forsyth County, North Carolina",32105,0.2024338724423847
37067,"White Alone, Not Hispanic Or Latino",158595,"Some college, no degree","Forsyth County, North Carolina",33109,0.20876446294019357
37067,"White Alone, Not Hispanic Or Latino",158595,Total Population,"Forsyth County, North Carolina",158595,1
37081,"White Alone, Not Hispanic Or Latino",197258,"9th to 12th grade, no diploma","Guilford County, North Carolina",7851,0.03980066714657961
37081,"White Alone, Not Hispanic Or Latino",197258,Associate's degree,"Guilford County, North Carolina",19396,0.09832807794867636
37081,"White Alone, Not Hispanic Or Latino",197258,Bachelor's degree,"Guilford County, North Carolina",57642,0.2922162852710663
37081,"White Alone, Not Hispanic Or Latino",197258,GED or alternative credential,"Guilford County, North Carolina",6624,0.03358038710724026
37081,"White Alone, Not Hispanic Or Latino",197258,Graduate or professional degree,"Guilford County, North Carolina",31430,0.15933447566131664
37081,"White Alone, Not Hispanic Or Latino",197258,Less than 9th grade,"Guilford County, North Carolina",2509,0.012719382737328777
37081,"White Alone, Not Hispanic Or Latino",197258,Regular high school diploma,"Guilford County, North Carolina",34189,0.1733212341197822
37081,"White Alone, Not Hispanic Or Latino",197258,"Some college, no degree","Guilford County, North Carolina",37617,0.19069949000800981
37081,"White Alone, Not Hispanic Or Latino",197258,Total Population,"Guilford County, North Carolina",197258,1
37119,"White Alone, Not Hispanic Or Latino",374303,"9th to 12th grade, no diploma","Mecklenburg County, North Carolina",8958,0.023932482507487248
37119,"White Alone, Not Hispanic Or Latino",374303,Associate's degree,"Mecklenburg County, North Carolina",29659,0.07923794359115476
37119,"White Alone, Not Hispanic Or Latino",374303,Bachelor's degree,"Mecklenburg County, North Carolina",147075,0.39293032650018833
37119,"White Alone, Not Hispanic Or Latino",374303,GED or alternative credential,"Mecklenburg County, North Carolina",6151,0.016433210527300075
37119,"White Alone, Not Hispanic Or Latino",374303,Graduate or professional degree,"Mecklenburg County, North Carolina",70632,0.1887027354843536
37119,"White Alone, Not Hispanic Or Latino",374303,Less than 9th grade,"Mecklenburg County, North Carolina",4299,0.01148534743242774
37119,"White Alone, Not Hispanic Or Latino",374303,Regular high school diploma,"Mecklenburg County, North Carolina",42410,0.11330392756670397
37119,"White Alone, Not Hispanic Or Latino",374303,"Some college, no degree","Mecklenburg County, North Carolina",65119,0.17397402639038426
37119,"White Alone, Not Hispanic Or Latino",374303,Total Population,"Mecklenburg County, North Carolina",374303,1
37129,"White Alone, Not Hispanic Or Latino",128414,"9th to 12th grade, no diploma","New Hanover County, North Carolina",4782,0.03723893033469871
37129,"White Alone, Not Hispanic Or Latino",128414,Associate's degree,"New Hanover County, North Carolina",13957,0.10868752628218108
37129,"White Alone, Not Hispanic Or Latino",128414,Bachelor's degree,"New Hanover County, North Carolina",40050,0.31188188203778405
37129,"White Alone, Not Hispanic Or Latino",128414,GED or alternative credential,"New Hanover County, North Carolina",3692,0.028750759263008706
37129,"White Alone, Not Hispanic Or Latino",128414,Graduate or professional degree,"New Hanover County, North Carolina",18611,0.14492968056442443
37129,"White Alone, Not Hispanic Or Latino",128414,Less than 9th grade,"New Hanover County, North Carolina",1334,0.010388275421682995
37129,"White Alone, Not Hispanic Or Latino",128414,Regular high school diploma,"New Hanover County, North Carolina",17918,0.13953307271792795
37129,"White Alone, Not Hispanic Or Latino",128414,"Some college, no degree","New Hanover County, North Carolina",28070,0.21858987337829208
37129,"White Alone, Not Hispanic Or Latino",128414,Total Population,"New Hanover County, North Carolina",128414,1
37183,"White Alone, Not Hispanic Or Latino",463814,"9th to 12th grade, no diploma","Wake County, North Carolina",9695,0.020902775681631
37183,"White Alone, Not Hispanic Or Latino",463814,Associate's degree,"Wake County, North Carolina",41211,0.08885242791291337
37183,"White Alone, Not Hispanic Or Latino",463814,Bachelor's degree,"Wake County, North Carolina",183426,0.39547318537172227
37183,"White Alone, Not Hispanic Or Latino",463814,GED or alternative credential,"Wake County, North Carolina",6245,0.013464449111066075
37183,"White Alone, Not Hispanic Or Latino",463814,Graduate or professional degree,"Wake County, North Carolina",100372,0.21640571435963554
37183,"White Alone, Not Hispanic Or Latino",463814,Less than 9th grade,"Wake County, North Carolina",2500,0.00539009171780067
37183,"White Alone, Not Hispanic Or Latino",463814,Regular high school diploma,"Wake County, North Carolina",48680,0.10495586592901465
37183,"White Alone, Not Hispanic Or Latino",463814,"Some college, no degree","Wake County, North Carolina",71685,0.15455548991621643
37183,"White Alone, Not Hispanic Or Latino",463814,Total Population,"Wake County, North Carolina",463814,1
45045,"White Alone, Not Hispanic Or Latino",251814,"9th to 12th grade, no diploma","Greenville County, South Carolina",13181,0.05234419055334493
45045,"White Alone, Not Hispanic Or Latino",251814,Associate's degree,"Greenville County, South Carolina",21254,0.08440356771267682
45045,"White Alone, Not Hispanic Or Latino",251814,Bachelor's degree,"Greenville County, South Carolina",67891,0.2696077263376937
45045,"White Alone, Not Hispanic Or Latino",251814,GED or alternative credential,"Greenville County, South Carolina",11040,0.04384188329481284
45045,"White Alone, Not Hispanic Or Latino",251814,Graduate or professional degree,"Greenville County, South Carolina",38596,0.15327185938827864
45045,"White Alone, Not Hispanic Or Latino",251814,Less than 9th grade,"Greenville County, South Carolina",5159,0.02048734383314669
45045,"White Alone, Not Hispanic Or Latino",251814,Regular high school diploma,"Greenville County, South Carolina",45677,0.18139182094720707
45045,"White Alone, Not Hispanic Or Latino",251814,"Some college, no degree","Greenville County, South Carolina",49016,0.1946516079328393
45045,"White Alone, Not Hispanic Or Latino",251814,Total Population,"Greenville County, South Carolina",251814,1
45083,"White Alone, Not Hispanic Or Latino",152350,"9th to 12th grade, no diploma","Spartanburg County, South Carolina",10927,0.07172300623564161
45083,"White Alone, Not Hispanic Or Latino",152350,Associate's degree,"Spartanburg County, South Carolina",17327,0.11373153921890385
45083,"White Alone, Not Hispanic Or Latino",152350,Bachelor's degree,"Spartanburg County, South Carolina",25973,0.17048244174597965
45083,"White Alone, Not Hispanic Or Latino",152350,GED or alternative credential,"Spartanburg County, South Carolina",9488,0.06227765014768625
45083,"White Alone, Not Hispanic Or Latino",152350,Graduate or professional degree,"Spartanburg County, South Carolina",15056,0.09882507384312439
45083,"White Alone, Not Hispanic Or Latino",152350,Less than 9th grade,"Spartanburg County, South Carolina",5030,0.033016081391532656
45083,"White Alone, Not Hispanic Or Latino",152350,Regular high school diploma,"Spartanburg County, South Carolina",38702,0.25403347554972106
45083,"White Alone, Not Hispanic Or Latino",152350,"Some college, no degree","Spartanburg County, South Carolina",29847,0.19591073186741056
45083,"White Alone, Not Hispanic Or Latino",152350,Total Population,"Spartanburg County, South Carolina",152350,1
47065,"White Alone, Not Hispanic Or Latino",192103,"9th to 12th grade, no diploma","Hamilton County, Tennessee",10322,0.0537315919064252
47065,"White Alone, Not Hispanic Or Latino",192103,Associate's degree,"Hamilton County, Tennessee",18316,0.09534468488258903
47065,"White Alone, Not Hispanic Or Latino",192103,Bachelor's degree,"Hamilton County, Tennessee",43450,0.22618074678687997
47065,"White Alone, Not Hispanic Or Latino",192103,GED or alternative credential,"Hamilton County, Tennessee",9045,0.0470841163334253
47065,"White Alone, Not Hispanic Or Latino",192103,Graduate or professional degree,"Hamilton County, Tennessee",25238,0.1313774381451617
47065,"White Alone, Not Hispanic Or Latino",192103,Less than 9th grade,"Hamilton County, Tennessee",3627,0.01888049640036855
47065,"White Alone, Not Hispanic Or Latino",192103,Regular high school diploma,"Hamilton County, Tennessee",35729,0.18598876644300194
47065,"White Alone, Not Hispanic Or Latino",192103,"Some college, no degree","Hamilton County, Tennessee",46376,0.24141215910214833
47065,"White Alone, Not Hispanic Or Latino",192103,Total Population,"Hamilton County, Tennessee",192103,1
